method,DimensionFound,space_distance_Wang,space_distance_MatNorm
sir,2,1.0,1.4142135623731
save,1,1.0,1.0
phdy,1,1.0,1.0
phdres,2,1.0,1.41421356237309
ire,2,1.0,1.4142135623731
meanOPG,2,0.999999999999999,1.4142135623731
meanMAVE,2,0.999999999999998,1.41421356237309
csMAVE,2,0.999999999999999,1.4142135623731
csOPG,2,0.999999999999999,1.4142135623731
KSIR,2,0.999999999999999,1.4142135623731
SDRNNW,4,0.199618759486418,0.3053478118283204
sir,2,0.999999999999998,1.4142135623731
save,1,1.0,1.0
phdy,2,1.0,1.4142135623731
phdres,2,0.999999999999999,1.4142135623731
ire,3,1.0,1.73205080756888
meanOPG,2,0.999999999999999,1.41421356237309
meanMAVE,2,0.999999999999999,1.4142135623731
csMAVE,2,0.999999999999999,1.41421356237309
csOPG,2,0.999999999999999,1.41421356237309
KSIR,2,0.999999999999999,1.4142135623731
SDRNNW,4,0.2669112928254879,0.4109125924325303
sir,2,0.999999999999999,1.41421356237309
save,1,1.0,1.0
phdy,1,1.0,1.0
phdres,2,1.0,1.4142135623731
ire,2,0.999999999999999,1.4142135623731
meanOPG,2,0.999999999999999,1.41421356237309
meanMAVE,2,0.999999999999998,1.4142135623731
csMAVE,2,0.999999999999999,1.41421356237309
csOPG,2,0.999999999999999,1.4142135623731
KSIR,2,1.0,1.4142135623731
SDRNNW,4,0.2582544954698383,0.3791253565733138
sir,2,0.999999999999999,1.41421356237309
save,1,1.0,1.0
phdy,1,1.0,1.0
phdres,1,1.0,1.0
ire,2,0.999999999999999,1.41421356237309
meanOPG,2,0.999999999999998,1.4142135623731
meanMAVE,2,0.999999999999998,1.4142135623731
csMAVE,2,0.999999999999998,1.41421356237309
csOPG,2,0.999999999999999,1.41421356237309
KSIR,2,0.999999999999999,1.4142135623731
SDRNNW,4,0.4131103298327798,0.5977341372352141
sir,2,0.999999999999999,1.4142135623731
save,1,1.0,1.0
phdy,1,1.0,1.0
phdres,2,1.0,1.41421356237309
ire,3,1.0,1.73205080756888
meanOPG,2,0.999999999999999,1.4142135623731
meanMAVE,3,0.999999999999998,1.73205080756888
csMAVE,2,0.999999999999999,1.41421356237309
csOPG,2,0.999999999999999,1.4142135623731
KSIR,2,0.999999999999998,1.41421356237309
SDRNNW,4,0.3861472788797474,0.570109604894679
sir,2,0.999999999999999,1.4142135623731
save,1,1.0,1.0
phdy,1,1.0,1.0
phdres,3,1.0,1.73205080756888
ire,2,1.0,1.4142135623731
meanOPG,2,0.999999999999999,1.41421356237309
meanMAVE,2,0.999999999999999,1.4142135623731
csMAVE,2,0.999999999999999,1.4142135623731
csOPG,2,0.999999999999998,1.4142135623731
KSIR,2,1.0,1.4142135623731
SDRNNW,4,0.3300812417629835,0.5193965921962954
sir,2,0.999999999999999,1.41421356237309
save,1,1.0,1.0
phdy,1,1.0,1.0
phdres,1,1.0,1.0
ire,2,0.999999999999999,1.41421356237309
meanOPG,2,0.999999999999999,1.4142135623731
meanMAVE,2,0.999999999999999,1.4142135623731
csMAVE,2,0.999999999999999,1.4142135623731
csOPG,2,0.999999999999999,1.41421356237309
KSIR,3,0.999999999999998,1.73205080756888
SDRNNW,4,0.3541886215268439,0.5260886039858054
sir,2,0.999999999999998,1.41421356237309
save,1,1.0,1.0
phdy,1,1.0,1.0
phdres,1,1.0,1.0
ire,2,1.0,1.4142135623731
meanOPG,2,0.999999999999998,1.41421356237309
meanMAVE,2,0.999999999999999,1.4142135623731
csMAVE,2,0.999999999999999,1.41421356237309
csOPG,2,0.999999999999999,1.41421356237309
KSIR,2,1.0,1.4142135623731
SDRNNW,4,0.3156858947701225,0.4799215699773464
sir,2,1.0,1.4142135623731
save,1,1.0,1.0
phdy,1,1.0,1.0
phdres,2,1.0,1.4142135623731
ire,2,1.0,1.4142135623731
meanOPG,2,0.999999999999999,1.4142135623731
meanMAVE,2,0.999999999999999,1.41421356237309
csMAVE,2,0.999999999999999,1.4142135623731
csOPG,2,0.999999999999999,1.41421356237309
KSIR,3,1.0,1.73205080756888
SDRNNW,4,0.6080688172623753,0.8895028351852278
sir,2,0.999999999999998,1.41421356237309
save,1,1.0,1.0
phdy,1,1.0,1.0
phdres,2,1.0,1.4142135623731
ire,3,1.0,1.73205080756888
meanOPG,2,0.999999999999999,1.41421356237309
meanMAVE,2,0.999999999999999,1.41421356237309
csMAVE,2,0.999999999999999,1.41421356237309
csOPG,2,0.999999999999999,1.41421356237309
KSIR,2,0.999999999999999,1.41421356237309
SDRNNW,3,1.000000092779247,1.043075943303091
sir,2,0.999999999999999,1.4142135623731
save,1,1.0,1.0
phdy,2,1.0,1.41421356237309
phdres,3,0.999999999999999,1.73205080756888
ire,3,1.0,1.73205080756888
meanOPG,2,0.999999999999999,1.4142135623731
meanMAVE,2,0.999999999999999,1.4142135623731
csMAVE,2,0.999999999999999,1.41421356237309
csOPG,2,0.999999999999999,1.41421356237309
KSIR,2,0.999999999999999,1.4142135623731
SDRNNW,4,0.3505848731267622,0.5516793727817967
sir,3,1.0,1.73205080756888
save,1,1.0,1.0
phdy,2,1.0,1.4142135623731
phdres,2,1.0,1.4142135623731
ire,3,1.0,1.73205080756888
meanOPG,2,0.999999999999999,1.4142135623731
meanMAVE,2,0.999999999999999,1.41421356237309
csMAVE,2,0.999999999999999,1.41421356237309
csOPG,2,0.999999999999999,1.4142135623731
KSIR,2,0.999999999999999,1.4142135623731
SDRNNW,4,0.398428282333207,0.604925205730816
sir,3,0.999999999999998,1.73205080756888
save,1,1.0,1.0
phdy,2,0.999999999999999,1.4142135623731
phdres,2,0.999999999999999,1.4142135623731
ire,3,0.999999999999997,1.73205080756888
meanOPG,2,0.999999999999999,1.4142135623731
meanMAVE,2,0.999999999999999,1.4142135623731
csMAVE,2,0.999999999999998,1.4142135623731
csOPG,2,0.999999999999999,1.4142135623731
KSIR,2,0.999999999999999,1.41421356237309
SDRNNW,4,0.1503191682317927,0.2226188634162659
sir,2,0.999999999999999,1.4142135623731
save,1,1.0,1.0
phdy,1,1.0,1.0
phdres,1,1.0,1.0
ire,2,0.999999999999999,1.41421356237309
meanOPG,2,0.999999999999998,1.4142135623731
meanMAVE,2,0.999999999999999,1.4142135623731
csMAVE,2,0.999999999999999,1.4142135623731
csOPG,2,0.999999999999999,1.41421356237309
KSIR,2,1.0,1.4142135623731
SDRNNW,5,0.9999999803969799,1.175704240187432
sir,2,0.999999999999998,1.4142135623731
save,1,1.0,1.0
phdy,1,1.0,1.0
phdres,1,1.0,1.0
ire,3,1.0,1.73205080756888
meanOPG,3,0.999999999999999,1.73205080756888
meanMAVE,2,0.999999999999999,1.4142135623731
csMAVE,2,0.999999999999999,1.4142135623731
csOPG,2,0.999999999999999,1.41421356237309
KSIR,2,1.0,1.4142135623731
SDRNNW,4,0.164106034597832,0.3195698076840789
sir,2,0.999999999999999,1.4142135623731
save,1,1.0,1.0
phdy,1,1.0,1.0
phdres,2,1.0,1.4142135623731
ire,3,0.999999999999998,1.73205080756888
meanOPG,2,0.999999999999999,1.4142135623731
meanMAVE,2,0.999999999999999,1.4142135623731
csMAVE,2,0.999999999999999,1.4142135623731
csOPG,2,0.999999999999999,1.4142135623731
KSIR,2,1.0,1.4142135623731
SDRNNW,3,1.000000032277873,1.048885523463297
sir,2,0.999999999999999,1.41421356237309
save,1,1.0,1.0
phdy,1,1.0,1.0
phdres,3,1.0,1.73205080756888
ire,3,1.0,1.73205080756888
meanOPG,2,0.999999999999998,1.4142135623731
meanMAVE,2,1.0,1.4142135623731
csMAVE,2,0.999999999999999,1.4142135623731
csOPG,2,0.999999999999999,1.41421356237309
KSIR,2,1.0,1.4142135623731
SDRNNW,4,0.3474057219267268,0.5157454324531487
sir,2,0.999999999999999,1.4142135623731
save,1,1.0,1.0
phdy,1,1.0,1.0
phdres,1,1.0,1.0
ire,2,1.0,1.4142135623731
meanOPG,2,0.999999999999999,1.4142135623731
meanMAVE,2,0.999999999999998,1.4142135623731
csMAVE,2,1.0,1.4142135623731
csOPG,2,0.999999999999999,1.41421356237309
KSIR,2,0.999999999999998,1.4142135623731
SDRNNW,3,1.000000054967081,1.044499891095094
sir,2,0.999999999999999,1.4142135623731
save,1,1.0,1.0
phdy,1,1.0,1.0
phdres,1,1.0,1.0
ire,2,1.0,1.41421356237309
meanOPG,2,0.999999999999999,1.4142135623731
meanMAVE,2,0.999999999999999,1.4142135623731
csMAVE,2,0.999999999999999,1.4142135623731
csOPG,2,0.999999999999999,1.4142135623731
KSIR,2,1.0,1.4142135623731
SDRNNW,5,1.000000007598019,1.117526900909948
sir,2,1.0,1.4142135623731
save,1,1.0,1.0
phdy,1,1.0,1.0
phdres,1,1.0,1.0
ire,2,1.0,1.41421356237309
meanOPG,2,0.999999999999999,1.4142135623731
meanMAVE,2,0.999999999999998,1.4142135623731
csMAVE,2,0.999999999999998,1.41421356237309
csOPG,2,0.999999999999999,1.4142135623731
KSIR,2,1.0,1.4142135623731
SDRNNW,3,1.00000009059884,1.022117019957083
sir,2,0.999999999999998,1.4142135623731
save,1,1.0,1.0
phdy,2,1.0,1.41421356237309
phdres,2,1.0,1.41421356237309
ire,2,0.999999999999998,1.4142135623731
meanOPG,2,0.999999999999999,1.41421356237309
meanMAVE,2,0.999999999999998,1.4142135623731
csMAVE,2,1.0,1.4142135623731
csOPG,2,0.999999999999999,1.41421356237309
KSIR,2,0.999999999999999,1.4142135623731
SDRNNW,5,0.9999999984581949,1.421847998274629
sir,2,0.999999999999999,1.4142135623731
save,1,1.0,1.0
phdy,1,1.0,1.0
phdres,3,1.0,1.73205080756888
ire,3,1.0,1.73205080756888
meanOPG,2,0.999999999999999,1.4142135623731
meanMAVE,2,0.999999999999999,1.4142135623731
csMAVE,2,0.999999999999999,1.4142135623731
csOPG,2,0.999999999999999,1.4142135623731
KSIR,2,0.999999999999999,1.4142135623731
SDRNNW,3,1.000000109826221,1.05931352026083
sir,2,1.0,1.41421356237309
save,1,1.0,1.0
phdy,1,1.0,1.0
phdres,2,0.999999999999999,1.41421356237309
ire,2,1.0,1.4142135623731
meanOPG,2,0.999999999999999,1.41421356237309
meanMAVE,2,0.999999999999999,1.41421356237309
csMAVE,2,1.0,1.4142135623731
csOPG,2,0.999999999999999,1.4142135623731
KSIR,2,0.999999999999998,1.4142135623731
SDRNNW,4,0.2005987511608192,0.2931239430101719
sir,2,0.999999999999999,1.4142135623731
save,1,1.0,1.0
phdy,1,1.0,1.0
phdres,2,1.0,1.4142135623731
ire,3,1.0,1.73205080756888
meanOPG,2,0.999999999999999,1.4142135623731
meanMAVE,2,0.999999999999999,1.4142135623731
csMAVE,2,0.999999999999998,1.4142135623731
csOPG,2,0.999999999999999,1.41421356237309
KSIR,3,1.0,1.73205080756888
SDRNNW,5,0.9999999696663768,1.099788709037388
sir,2,0.999999999999999,1.41421356237309
save,1,1.0,1.0
phdy,1,1.0,1.0
phdres,1,1.0,1.0
ire,2,1.0,1.4142135623731
meanOPG,2,0.999999999999998,1.41421356237309
meanMAVE,2,0.999999999999999,1.41421356237309
csMAVE,2,0.999999999999999,1.4142135623731
csOPG,2,1.0,1.4142135623731
KSIR,1,1.0,1.0
SDRNNW,4,0.7273090805256941,1.087112809571827
sir,2,1.0,1.4142135623731
save,1,1.0,1.0
phdy,2,1.0,1.41421356237309
phdres,1,1.0,1.0
ire,2,1.0,1.4142135623731
meanOPG,2,0.999999999999998,1.41421356237309
meanMAVE,2,0.999999999999999,1.4142135623731
csMAVE,2,0.999999999999998,1.4142135623731
csOPG,2,0.999999999999998,1.4142135623731
KSIR,2,0.999999999999999,1.41421356237309
SDRNNW,5,0.999999986451811,1.030005492530303
sir,2,0.999999999999999,1.4142135623731
save,1,1.0,1.0
phdy,1,1.0,1.0
phdres,1,1.0,1.0
ire,2,0.999999999999999,1.4142135623731
meanOPG,2,0.999999999999999,1.4142135623731
meanMAVE,2,0.999999999999998,1.4142135623731
csMAVE,2,0.999999999999999,1.4142135623731
csOPG,2,0.999999999999999,1.41421356237309
KSIR,3,1.0,1.73205080756888
SDRNNW,4,0.3875594327760249,0.6291350801841835
sir,2,0.999999999999999,1.4142135623731
save,1,1.0,1.0
phdy,1,1.0,1.0
phdres,1,1.0,1.0
ire,2,0.999999999999998,1.4142135623731
meanOPG,2,0.999999999999999,1.41421356237309
meanMAVE,2,1.0,1.4142135623731
csMAVE,2,0.999999999999999,1.41421356237309
csOPG,2,0.999999999999999,1.41421356237309
KSIR,2,0.999999999999999,1.41421356237309
SDRNNW,4,0.1480414712093464,0.2645751610149141
sir,3,0.999999999999998,1.73205080756888
save,1,1.0,1.0
phdy,1,1.0,1.0
phdres,1,1.0,1.0
ire,3,0.999999999999998,1.73205080756888
meanOPG,2,0.999999999999999,1.4142135623731
meanMAVE,2,0.999999999999998,1.4142135623731
csMAVE,2,0.999999999999999,1.4142135623731
csOPG,2,0.999999999999999,1.4142135623731
KSIR,2,1.0,1.41421356237309
SDRNNW,4,0.2168812989639758,0.343110949847437
sir,2,0.999999999999999,1.4142135623731
save,2,1.0,1.4142135623731
phdy,2,1.0,1.41421356237309
phdres,2,1.0,1.4142135623731
ire,2,0.999999999999999,1.41421356237309
meanOPG,2,0.999999999999999,1.4142135623731
meanMAVE,3,0.999999999999998,1.73205080756888
csMAVE,2,0.999999999999999,1.4142135623731
csOPG,2,1.0,1.41421356237309
KSIR,2,1.0,1.4142135623731
SDRNNW,2,1.000000176623721,1.416579288761268
sir,2,0.999999999999999,1.4142135623731
save,1,1.0,1.0
phdy,2,1.0,1.4142135623731
phdres,2,1.0,1.4142135623731
ire,2,1.0,1.4142135623731
meanOPG,3,0.999999999999998,1.73205080756888
meanMAVE,3,0.999999999999998,1.73205080756888
csMAVE,2,0.999999999999999,1.4142135623731
csOPG,2,0.999999999999999,1.4142135623731
KSIR,2,1.0,1.4142135623731
SDRNNW,4,0.2402916708690935,0.3723018580890349
sir,2,1.0,1.41421356237309
save,1,1.0,1.0
phdy,1,1.0,1.0
phdres,1,1.0,1.0
ire,3,0.999999999999999,1.73205080756888
meanOPG,2,0.999999999999999,1.41421356237309
meanMAVE,2,0.999999999999999,1.4142135623731
csMAVE,2,0.999999999999999,1.41421356237309
csOPG,2,0.999999999999999,1.41421356237309
KSIR,2,1.0,1.4142135623731
SDRNNW,4,0.4772313650648662,0.7090925970151453
sir,2,1.0,1.4142135623731
save,1,1.0,1.0
phdy,2,1.0,1.4142135623731
phdres,3,0.999999999999999,1.73205080756888
ire,3,1.0,1.73205080756888
meanOPG,2,0.999999999999999,1.4142135623731
meanMAVE,2,0.999999999999999,1.4142135623731
csMAVE,2,1.0,1.4142135623731
csOPG,2,0.999999999999999,1.41421356237309
KSIR,2,1.0,1.4142135623731
SDRNNW,4,0.152774176104566,0.2369901097580087
sir,2,0.999999999999999,1.4142135623731
save,1,1.0,1.0
phdy,1,1.0,1.0
phdres,1,1.0,1.0
ire,3,1.0,1.73205080756888
meanOPG,2,0.999999999999999,1.41421356237309
meanMAVE,2,0.999999999999999,1.41421356237309
csMAVE,2,0.999999999999999,1.4142135623731
csOPG,2,0.999999999999999,1.41421356237309
KSIR,2,1.0,1.4142135623731
SDRNNW,4,0.5946317657445734,0.8676033574442863
sir,2,0.999999999999999,1.41421356237309
save,1,1.0,1.0
phdy,1,1.0,1.0
phdres,1,1.0,1.0
ire,3,1.0,1.73205080756888
meanOPG,2,0.999999999999999,1.4142135623731
meanMAVE,2,0.999999999999999,1.41421356237309
csMAVE,2,1.0,1.4142135623731
csOPG,2,0.999999999999999,1.4142135623731
KSIR,2,0.999999999999999,1.41421356237309
SDRNNW,4,0.7285843922759798,1.055631729092492
sir,2,0.999999999999998,1.4142135623731
save,1,1.0,1.0
phdy,2,1.0,1.4142135623731
phdres,2,0.999999999999999,1.4142135623731
ire,2,0.999999999999999,1.4142135623731
meanOPG,2,0.999999999999999,1.4142135623731
meanMAVE,2,0.999999999999999,1.41421356237309
csMAVE,2,0.999999999999999,1.4142135623731
csOPG,2,0.999999999999999,1.4142135623731
KSIR,2,0.999999999999999,1.4142135623731
SDRNNW,4,0.6020848961033527,0.9068611742800701
sir,2,1.0,1.4142135623731
save,1,1.0,1.0
phdy,1,1.0,1.0
phdres,2,0.999999999999999,1.41421356237309
ire,2,1.0,1.4142135623731
meanOPG,2,0.999999999999999,1.41421356237309
meanMAVE,2,0.999999999999999,1.4142135623731
csMAVE,2,0.999999999999998,1.4142135623731
csOPG,2,0.999999999999999,1.4142135623731
KSIR,2,0.999999999999999,1.41421356237309
SDRNNW,3,0.9999999588521026,1.050205439931608
sir,3,1.0,1.73205080756888
save,1,1.0,1.0
phdy,2,1.0,1.4142135623731
phdres,2,1.0,1.4142135623731
ire,3,1.0,1.73205080756888
meanOPG,2,0.999999999999999,1.41421356237309
meanMAVE,3,0.999999999999999,1.73205080756888
csMAVE,2,0.999999999999998,1.4142135623731
csOPG,2,0.999999999999998,1.41421356237309
KSIR,2,1.0,1.4142135623731
SDRNNW,4,0.4607657213374049,0.6660822766857148
sir,2,0.999999999999998,1.4142135623731
save,1,1.0,1.0
phdy,1,1.0,1.0
phdres,1,1.0,1.0
ire,3,1.0,1.73205080756888
meanOPG,2,0.999999999999999,1.4142135623731
meanMAVE,2,0.999999999999999,1.4142135623731
csMAVE,2,1.0,1.4142135623731
csOPG,2,0.999999999999999,1.4142135623731
KSIR,2,0.999999999999999,1.4142135623731
SDRNNW,4,0.9490173769598594,1.42762795908094
sir,3,1.0,1.73205080756888
save,1,1.0,1.0
phdy,1,1.0,1.0
phdres,2,0.999999999999999,1.4142135623731
ire,3,1.0,1.73205080756888
meanOPG,2,1.0,1.4142135623731
meanMAVE,2,0.999999999999998,1.4142135623731
csMAVE,2,0.999999999999999,1.41421356237309
csOPG,2,0.999999999999999,1.4142135623731
KSIR,2,1.0,1.4142135623731
SDRNNW,4,0.1301244603389178,0.2067479005555146
sir,3,1.0,1.73205080756888
save,1,1.0,1.0
phdy,1,1.0,1.0
phdres,2,1.0,1.4142135623731
ire,4,0.998772557220674,2.0
meanOPG,2,0.999999999999999,1.41421356237309
meanMAVE,2,0.999999999999999,1.4142135623731
csMAVE,2,0.999999999999999,1.4142135623731
csOPG,2,1.0,1.41421356237309
KSIR,2,0.999999999999998,1.4142135623731
SDRNNW,4,0.1392846792101401,0.2094137815616347
sir,2,0.999999999999999,1.41421356237309
save,1,1.0,1.0
phdy,3,1.0,1.73205080756888
phdres,1,1.0,1.0
ire,3,1.0,1.73205080756888
meanOPG,2,0.999999999999999,1.4142135623731
meanMAVE,2,0.999999999999998,1.41421356237309
csMAVE,2,0.999999999999999,1.41421356237309
csOPG,2,0.999999999999999,1.41421356237309
KSIR,2,1.0,1.4142135623731
SDRNNW,3,1.000000051151989,1.092836550144539
sir,2,0.999999999999999,1.4142135623731
save,1,1.0,1.0
phdy,1,1.0,1.0
phdres,1,1.0,1.0
ire,2,0.999999999999999,1.4142135623731
meanOPG,3,0.999999999999998,1.73205080756888
meanMAVE,3,0.999999999999998,1.73205080756888
csMAVE,2,0.999999999999999,1.41421356237309
csOPG,2,1.0,1.41421356237309
KSIR,2,0.999999999999998,1.41421356237309
SDRNNW,4,0.1557561324070789,0.2583405487666191
sir,2,0.999999999999998,1.41421356237309
save,1,1.0,1.0
phdy,3,1.0,1.73205080756888
phdres,2,0.999999999999999,1.4142135623731
ire,2,1.0,1.4142135623731
meanOPG,2,0.999999999999999,1.41421356237309
meanMAVE,2,0.999999999999999,1.4142135623731
csMAVE,2,0.999999999999998,1.41421356237309
csOPG,2,0.999999999999999,1.41421356237309
KSIR,2,0.999999999999999,1.4142135623731
SDRNNW,6,1.000000006788903,1.433276747380681
sir,2,0.999999999999999,1.4142135623731
save,1,1.0,1.0
phdy,2,1.0,1.4142135623731
phdres,2,1.0,1.41421356237309
ire,2,0.999999999999999,1.41421356237309
meanOPG,2,0.999999999999999,1.4142135623731
meanMAVE,2,0.999999999999999,1.4142135623731
csMAVE,2,0.999999999999999,1.41421356237309
csOPG,2,0.999999999999999,1.4142135623731
KSIR,2,0.999999999999999,1.4142135623731
SDRNNW,4,0.1259767770588277,0.2494739328851237
sir,2,0.999999999999999,1.4142135623731
save,1,1.0,1.0
phdy,1,1.0,1.0
phdres,2,0.999999999999999,1.4142135623731
ire,3,1.0,1.73205080756888
meanOPG,2,0.999999999999999,1.4142135623731
meanMAVE,2,0.999999999999999,1.41421356237309
csMAVE,2,0.999999999999999,1.4142135623731
csOPG,2,1.0,1.41421356237309
KSIR,2,0.999999999999999,1.41421356237309
SDRNNW,7,1.000000018244843,1.74323299094114
sir,2,0.999999999999999,1.4142135623731
save,1,1.0,1.0
phdy,1,1.0,1.0
phdres,1,1.0,1.0
ire,2,0.999999999999999,1.4142135623731
meanOPG,2,0.999999999999999,1.4142135623731
meanMAVE,2,0.999999999999999,1.41421356237309
csMAVE,2,0.999999999999999,1.41421356237309
csOPG,2,0.999999999999998,1.4142135623731
KSIR,2,0.999999999999999,1.41421356237309
SDRNNW,4,0.2247679602299814,0.3694658323714143
sir,2,1.0,1.4142135623731
save,1,1.0,1.0
phdy,2,1.0,1.41421356237309
phdres,1,1.0,1.0
ire,2,1.0,1.4142135623731
meanOPG,2,0.999999999999999,1.4142135623731
meanMAVE,2,1.0,1.4142135623731
csMAVE,2,0.999999999999999,1.4142135623731
csOPG,2,0.999999999999999,1.4142135623731
KSIR,2,0.999999999999999,1.4142135623731
SDRNNW,4,0.1319588119065718,0.2432768100895587
sir,2,0.999999999999998,1.41421356237309
save,1,1.0,1.0
phdy,1,1.0,1.0
phdres,2,0.999999999999999,1.4142135623731
ire,2,1.0,1.4142135623731
meanOPG,2,0.999999999999998,1.4142135623731
meanMAVE,2,0.999999999999999,1.4142135623731
csMAVE,2,0.999999999999999,1.4142135623731
csOPG,2,0.999999999999999,1.4142135623731
KSIR,2,0.999999999999998,1.4142135623731
SDRNNW,5,1.000000003319314,1.042014322458141
sir,2,0.999999999999999,1.4142135623731
save,1,1.0,1.0
phdy,1,1.0,1.0
phdres,3,0.999999999999999,1.73205080756888
ire,2,0.999999999999998,1.4142135623731
meanOPG,2,0.999999999999999,1.41421356237309
meanMAVE,2,1.0,1.4142135623731
csMAVE,2,0.999999999999999,1.4142135623731
csOPG,2,0.999999999999999,1.4142135623731
KSIR,2,1.0,1.4142135623731
SDRNNW,4,0.4118934659463641,0.590779795350147
sir,2,0.999999999999998,1.4142135623731
save,1,1.0,1.0
phdy,1,1.0,1.0
phdres,1,1.0,1.0
ire,3,1.0,1.73205080756888
meanOPG,2,0.999999999999998,1.4142135623731
meanMAVE,2,0.999999999999999,1.41421356237309
csMAVE,2,0.999999999999999,1.4142135623731
csOPG,2,0.999999999999999,1.41421356237309
KSIR,2,1.0,1.4142135623731
SDRNNW,2,1.000000180559071,1.416383300382293
sir,2,0.999999999999999,1.4142135623731
save,1,1.0,1.0
phdy,1,1.0,1.0
phdres,2,1.0,1.4142135623731
ire,3,1.0,1.73205080756888
meanOPG,2,0.999999999999999,1.4142135623731
meanMAVE,2,0.999999999999999,1.41421356237309
csMAVE,2,0.999999999999999,1.4142135623731
csOPG,2,0.999999999999998,1.4142135623731
KSIR,2,1.0,1.4142135623731
SDRNNW,4,0.3041610783625247,0.4454139456416913
sir,2,1.0,1.4142135623731
save,1,0.999999999999999,1.0
phdy,1,1.0,1.0
phdres,1,1.0,1.0
ire,2,1.0,1.41421356237309
meanOPG,2,0.999999999999999,1.41421356237309
meanMAVE,2,0.999999999999999,1.4142135623731
csMAVE,2,0.999999999999999,1.41421356237309
csOPG,2,0.999999999999999,1.41421356237309
KSIR,2,1.0,1.41421356237309
SDRNNW,4,0.1561224058486209,0.2684642540972992
sir,2,0.999999999999998,1.4142135623731
save,1,1.0,1.0
phdy,2,1.0,1.4142135623731
phdres,2,1.0,1.4142135623731
ire,3,0.999999999999998,1.73205080756888
meanOPG,2,0.999999999999998,1.4142135623731
meanMAVE,2,1.0,1.4142135623731
csMAVE,2,0.999999999999999,1.41421356237309
csOPG,2,0.999999999999998,1.41421356237309
KSIR,2,0.999999999999999,1.4142135623731
SDRNNW,4,0.5256964097152842,0.8323432547005325
sir,3,1.0,1.73205080756888
save,1,1.0,1.0
phdy,1,1.0,1.0
phdres,1,1.0,1.0
ire,3,1.0,1.73205080756888
meanOPG,2,0.999999999999999,1.4142135623731
meanMAVE,2,0.999999999999999,1.41421356237309
csMAVE,2,0.999999999999998,1.4142135623731
csOPG,2,0.999999999999999,1.4142135623731
KSIR,2,0.999999999999999,1.4142135623731
SDRNNW,5,1.000000030327621,1.075840871190049
sir,2,0.999999999999998,1.41421356237309
save,1,1.0,1.0
phdy,1,1.0,1.0
phdres,1,1.0,1.0
ire,3,0.999999999999998,1.73205080756888
meanOPG,2,0.999999999999999,1.4142135623731
meanMAVE,2,0.999999999999999,1.41421356237309
csMAVE,2,0.999999999999999,1.4142135623731
csOPG,2,0.999999999999999,1.4142135623731
KSIR,3,0.999999999999998,1.73205080756888
SDRNNW,5,0.9999999932071706,1.121058769512372
sir,2,0.999999999999998,1.4142135623731
save,1,1.0,1.0
phdy,1,1.0,1.0
phdres,1,1.0,1.0
ire,4,0.97272611886361,2.0
meanOPG,2,0.999999999999999,1.4142135623731
meanMAVE,2,0.999999999999999,1.41421356237309
csMAVE,2,0.999999999999999,1.4142135623731
csOPG,2,0.999999999999999,1.41421356237309
KSIR,2,1.0,1.4142135623731
SDRNNW,4,0.2347579255228353,0.3769715956512859
sir,2,0.999999999999999,1.41421356237309
save,1,1.0,1.0
phdy,1,1.0,1.0
phdres,2,1.0,1.4142135623731
ire,3,1.0,1.73205080756888
meanOPG,2,0.999999999999999,1.4142135623731
meanMAVE,2,0.999999999999999,1.4142135623731
csMAVE,2,0.999999999999999,1.4142135623731
csOPG,2,1.0,1.4142135623731
KSIR,2,0.999999999999999,1.4142135623731
SDRNNW,4,0.1867406814722301,0.3552247812733399
sir,2,0.999999999999999,1.41421356237309
save,1,1.0,1.0
phdy,2,1.0,1.41421356237309
phdres,1,1.0,1.0
ire,3,1.0,1.73205080756888
meanOPG,3,0.999999999999999,1.73205080756888
meanMAVE,2,0.999999999999998,1.4142135623731
csMAVE,2,0.999999999999999,1.4142135623731
csOPG,2,0.999999999999999,1.4142135623731
KSIR,2,1.0,1.4142135623731
SDRNNW,4,0.2932858345355175,0.4935627271198438
sir,2,0.999999999999998,1.4142135623731
save,1,1.0,1.0
phdy,1,1.0,1.0
phdres,1,1.0,1.0
ire,3,1.0,1.73205080756888
meanOPG,2,0.999999999999999,1.41421356237309
meanMAVE,2,0.999999999999998,1.4142135623731
csMAVE,2,0.999999999999999,1.41421356237309
csOPG,2,0.999999999999999,1.4142135623731
KSIR,2,1.0,1.4142135623731
SDRNNW,4,0.2328618090435525,0.3535196935311099
sir,2,1.0,1.4142135623731
save,1,1.0,1.0
phdy,1,1.0,1.0
phdres,1,1.0,1.0
ire,2,0.999999999999999,1.4142135623731
meanOPG,2,0.999999999999999,1.4142135623731
meanMAVE,2,0.999999999999998,1.4142135623731
csMAVE,2,0.999999999999999,1.4142135623731
csOPG,2,0.999999999999999,1.4142135623731
KSIR,2,0.999999999999998,1.4142135623731
SDRNNW,4,0.2380365397127438,0.373164749783944
sir,2,1.0,1.4142135623731
save,1,1.0,1.0
phdy,1,1.0,1.0
phdres,1,1.0,1.0
ire,2,1.0,1.4142135623731
meanOPG,2,0.999999999999999,1.4142135623731
meanMAVE,2,0.999999999999999,1.4142135623731
csMAVE,2,0.999999999999999,1.41421356237309
csOPG,2,0.999999999999999,1.4142135623731
KSIR,2,1.0,1.4142135623731
SDRNNW,5,1.00000003755152,1.222752769541941
sir,3,1.0,1.73205080756888
save,1,1.0,1.0
phdy,2,1.0,1.41421356237309
phdres,3,0.999999999999998,1.73205080756888
ire,4,0.966447578923383,2.0
meanOPG,3,0.999999999999997,1.73205080756888
meanMAVE,2,0.999999999999999,1.4142135623731
csMAVE,2,0.999999999999999,1.4142135623731
csOPG,2,0.999999999999999,1.4142135623731
KSIR,2,1.0,1.41421356237309
SDRNNW,4,0.4069706439341983,0.6066549795811815
sir,2,0.999999999999999,1.41421356237309
save,1,1.0,1.0
phdy,1,1.0,1.0
phdres,2,0.999999999999999,1.41421356237309
ire,3,1.0,1.73205080756888
meanOPG,2,0.999999999999998,1.41421356237309
meanMAVE,2,0.999999999999999,1.4142135623731
csMAVE,2,0.999999999999999,1.41421356237309
csOPG,2,0.999999999999999,1.4142135623731
KSIR,2,1.0,1.4142135623731
SDRNNW,4,0.3516070898421814,0.5207656859697216
sir,2,0.999999999999999,1.4142135623731
save,1,1.0,1.0
phdy,1,1.0,1.0
phdres,1,1.0,1.0
ire,2,1.0,1.41421356237309
meanOPG,2,0.999999999999999,1.41421356237309
meanMAVE,2,0.999999999999998,1.41421356237309
csMAVE,2,0.999999999999998,1.41421356237309
csOPG,2,0.999999999999999,1.4142135623731
KSIR,2,1.0,1.4142135623731
SDRNNW,4,0.3219512863091218,0.4731498042861082
sir,2,0.999999999999999,1.41421356237309
save,1,1.0,1.0
phdy,1,1.0,1.0
phdres,1,1.0,1.0
ire,3,1.0,1.73205080756888
meanOPG,2,0.999999999999999,1.41421356237309
meanMAVE,2,0.999999999999999,1.4142135623731
csMAVE,2,0.999999999999998,1.41421356237309
csOPG,2,0.999999999999999,1.4142135623731
KSIR,3,1.0,1.73205080756888
SDRNNW,5,1.000000001990743,1.440480352387977
sir,2,0.999999999999999,1.41421356237309
save,1,1.0,1.0
phdy,1,1.0,1.0
phdres,1,1.0,1.0
ire,3,1.0,1.73205080756888
meanOPG,2,0.999999999999999,1.4142135623731
meanMAVE,2,0.999999999999999,1.4142135623731
csMAVE,2,0.999999999999998,1.4142135623731
csOPG,2,0.999999999999999,1.41421356237309
KSIR,2,0.999999999999998,1.4142135623731
SDRNNW,4,0.5214104289417696,0.7623253288917927
sir,3,1.0,1.73205080756888
save,1,1.0,1.0
phdy,2,1.0,1.4142135623731
phdres,3,1.0,1.73205080756888
ire,3,0.999999999999999,1.73205080756888
meanOPG,2,0.999999999999999,1.4142135623731
meanMAVE,2,0.999999999999998,1.41421356237309
csMAVE,2,0.999999999999998,1.41421356237309
csOPG,2,1.0,1.4142135623731
KSIR,2,0.999999999999998,1.41421356237309
SDRNNW,4,0.340575555809132,0.5166934323782455
sir,2,1.0,1.4142135623731
save,1,1.0,1.0
phdy,1,1.0,1.0
phdres,1,1.0,1.0
ire,2,1.0,1.4142135623731
meanOPG,2,0.999999999999999,1.41421356237309
meanMAVE,2,0.999999999999999,1.4142135623731
csMAVE,2,0.999999999999999,1.41421356237309
csOPG,2,0.999999999999999,1.41421356237309
KSIR,2,0.999999999999999,1.4142135623731
SDRNNW,4,0.4167130318884436,0.6328880655356424
sir,2,0.999999999999999,1.41421356237309
save,1,1.0,1.0
phdy,1,1.0,1.0
phdres,2,0.999999999999999,1.4142135623731
ire,3,1.0,1.73205080756888
meanOPG,2,0.999999999999999,1.41421356237309
meanMAVE,2,0.999999999999998,1.41421356237309
csMAVE,2,1.0,1.4142135623731
csOPG,2,0.999999999999999,1.41421356237309
KSIR,2,1.0,1.4142135623731
SDRNNW,3,1.00000017360945,1.115228667095715
sir,2,0.999999999999998,1.4142135623731
save,1,1.0,1.0
phdy,1,1.0,1.0
phdres,1,1.0,1.0
ire,2,0.999999999999999,1.4142135623731
meanOPG,2,0.999999999999999,1.4142135623731
meanMAVE,2,0.999999999999999,1.41421356237309
csMAVE,2,0.999999999999999,1.41421356237309
csOPG,2,0.999999999999999,1.4142135623731
KSIR,2,1.0,1.4142135623731
SDRNNW,3,1.000000075295929,1.114877394777262
sir,2,0.999999999999999,1.4142135623731
save,1,1.0,1.0
phdy,2,1.0,1.4142135623731
phdres,1,1.0,1.0
ire,2,0.999999999999999,1.41421356237309
meanOPG,2,0.999999999999999,1.4142135623731
meanMAVE,2,1.0,1.41421356237309
csMAVE,2,0.999999999999999,1.4142135623731
csOPG,2,0.999999999999999,1.41421356237309
KSIR,2,0.999999999999999,1.4142135623731
SDRNNW,4,0.3661215118044623,0.5830904749424728
sir,2,0.999999999999999,1.4142135623731
save,1,1.0,1.0
phdy,1,1.0,1.0
phdres,1,1.0,1.0
ire,2,0.999999999999999,1.4142135623731
meanOPG,2,0.999999999999999,1.4142135623731
meanMAVE,2,0.999999999999999,1.4142135623731
csMAVE,2,0.999999999999999,1.4142135623731
csOPG,2,0.999999999999999,1.41421356237309
KSIR,2,0.999999999999999,1.4142135623731
SDRNNW,4,0.2721777929530906,0.4477330407469338
sir,2,0.999999999999998,1.4142135623731
save,1,1.0,1.0
phdy,1,1.0,1.0
phdres,1,1.0,1.0
ire,3,1.0,1.73205080756888
meanOPG,2,0.999999999999999,1.4142135623731
meanMAVE,2,0.999999999999999,1.4142135623731
csMAVE,2,0.999999999999999,1.41421356237309
csOPG,2,0.999999999999999,1.41421356237309
KSIR,2,1.0,1.4142135623731
SDRNNW,5,1.000000007026582,1.235842078661948
sir,2,0.999999999999999,1.4142135623731
save,1,1.0,1.0
phdy,1,1.0,1.0
phdres,2,1.0,1.4142135623731
ire,3,1.0,1.73205080756888
meanOPG,2,0.999999999999998,1.41421356237309
meanMAVE,2,0.999999999999999,1.4142135623731
csMAVE,2,1.0,1.4142135623731
csOPG,2,0.999999999999999,1.4142135623731
KSIR,1,1.0,1.0
SDRNNW,4,0.4867061277319634,0.7258735114496745
sir,2,1.0,1.4142135623731
save,1,1.0,1.0
phdy,1,1.0,1.0
phdres,1,1.0,1.0
ire,3,1.0,1.73205080756888
meanOPG,2,0.999999999999999,1.4142135623731
meanMAVE,2,0.999999999999999,1.4142135623731
csMAVE,2,0.999999999999999,1.4142135623731
csOPG,2,0.999999999999999,1.4142135623731
KSIR,2,1.0,1.4142135623731
SDRNNW,4,0.2256953951515481,0.339564707471439
sir,2,0.999999999999999,1.4142135623731
save,2,1.0,1.41421356237309
phdy,2,1.0,1.4142135623731
phdres,2,1.0,1.41421356237309
ire,3,0.999999999999999,1.73205080756888
meanOPG,2,0.999999999999999,1.4142135623731
meanMAVE,2,0.999999999999999,1.4142135623731
csMAVE,2,0.999999999999999,1.4142135623731
csOPG,2,0.999999999999998,1.41421356237309
KSIR,2,1.0,1.4142135623731
SDRNNW,5,0.9999999776740991,1.067177789872672
sir,2,0.999999999999999,1.4142135623731
save,2,0.999999999999999,1.4142135623731
phdy,1,1.0,1.0
phdres,1,1.0,1.0
ire,2,1.0,1.4142135623731
meanOPG,2,0.999999999999999,1.41421356237309
meanMAVE,2,0.999999999999999,1.4142135623731
csMAVE,2,0.999999999999999,1.41421356237309
csOPG,2,0.999999999999999,1.4142135623731
KSIR,2,1.0,1.4142135623731
SDRNNW,4,0.2622591761214308,0.3883136104642561
sir,2,0.999999999999999,1.41421356237309
save,1,1.0,1.0
phdy,1,1.0,1.0
phdres,1,1.0,1.0
ire,2,0.999999999999999,1.4142135623731
meanOPG,2,0.999999999999998,1.4142135623731
meanMAVE,2,0.999999999999999,1.4142135623731
csMAVE,2,0.999999999999998,1.4142135623731
csOPG,2,0.999999999999998,1.41421356237309
KSIR,2,0.999999999999999,1.4142135623731
SDRNNW,4,0.2933599385667581,0.4250744645478127
sir,2,0.999999999999998,1.4142135623731
save,1,1.0,1.0
phdy,1,1.0,1.0
phdres,1,1.0,1.0
ire,2,0.999999999999999,1.41421356237309
meanOPG,2,0.999999999999998,1.41421356237309
meanMAVE,2,0.999999999999999,1.4142135623731
csMAVE,2,0.999999999999999,1.41421356237309
csOPG,2,0.999999999999999,1.4142135623731
KSIR,2,0.999999999999999,1.41421356237309
SDRNNW,4,0.1547092703365328,0.2589142240888276
sir,2,1.0,1.4142135623731
save,1,1.0,1.0
phdy,1,1.0,1.0
phdres,2,0.999999999999999,1.4142135623731
ire,2,1.0,1.4142135623731
meanOPG,3,0.999999999999999,1.73205080756888
meanMAVE,2,0.999999999999999,1.4142135623731
csMAVE,2,0.999999999999999,1.41421356237309
csOPG,2,0.999999999999999,1.4142135623731
KSIR,2,0.999999999999999,1.41421356237309
SDRNNW,6,1.000000019811174,1.477857505224409
sir,2,0.999999999999999,1.4142135623731
save,1,1.0,1.0
phdy,2,1.0,1.4142135623731
phdres,2,1.0,1.4142135623731
ire,3,0.999999999999998,1.73205080756888
meanOPG,2,1.0,1.41421356237309
meanMAVE,2,1.0,1.4142135623731
csMAVE,2,1.0,1.41421356237309
csOPG,2,0.999999999999999,1.4142135623731
KSIR,2,0.999999999999998,1.41421356237309
SDRNNW,5,1.000000012860453,1.108533582024529
sir,2,0.999999999999998,1.4142135623731
save,1,1.0,1.0
phdy,1,1.0,1.0
phdres,1,1.0,1.0
ire,2,0.999999999999999,1.41421356237309
meanOPG,2,0.999999999999999,1.4142135623731
meanMAVE,2,0.999999999999999,1.4142135623731
csMAVE,2,0.999999999999999,1.4142135623731
csOPG,2,0.999999999999999,1.41421356237309
KSIR,2,1.0,1.41421356237309
SDRNNW,4,0.1637821698038619,0.2352055789133682
sir,2,0.999999999999999,1.41421356237309
save,1,1.0,1.0
phdy,2,1.0,1.4142135623731
phdres,2,1.0,1.41421356237309
ire,2,0.999999999999999,1.41421356237309
meanOPG,2,0.999999999999999,1.4142135623731
meanMAVE,2,0.999999999999999,1.4142135623731
csMAVE,2,0.999999999999999,1.41421356237309
csOPG,2,0.999999999999998,1.4142135623731
KSIR,2,1.0,1.41421356237309
SDRNNW,3,1.000000059209973,1.054694279856087
sir,2,0.999999999999998,1.4142135623731
save,1,1.0,1.0
phdy,1,1.0,1.0
phdres,2,0.999999999999999,1.4142135623731
ire,3,1.0,1.73205080756888
meanOPG,2,0.999999999999999,1.4142135623731
meanMAVE,2,0.999999999999998,1.4142135623731
csMAVE,2,0.999999999999999,1.4142135623731
csOPG,2,0.999999999999998,1.4142135623731
KSIR,2,0.999999999999999,1.4142135623731
SDRNNW,4,0.1536612896462881,0.2323007375599862
sir,2,0.999999999999999,1.4142135623731
save,1,1.0,1.0
phdy,1,1.0,1.0
phdres,2,1.0,1.4142135623731
ire,3,1.0,1.73205080756888
meanOPG,2,0.999999999999999,1.4142135623731
meanMAVE,2,0.999999999999999,1.4142135623731
csMAVE,2,0.999999999999999,1.4142135623731
csOPG,2,0.999999999999999,1.4142135623731
KSIR,2,1.0,1.41421356237309
SDRNNW,6,1.000000023885246,1.428788077806379
sir,2,1.0,1.41421356237309
save,1,1.0,1.0
phdy,1,1.0,1.0
phdres,1,1.0,1.0
ire,2,1.0,1.41421356237309
meanOPG,2,1.0,1.4142135623731
meanMAVE,2,0.999999999999999,1.4142135623731
csMAVE,2,0.999999999999999,1.4142135623731
csOPG,2,0.999999999999999,1.4142135623731
KSIR,2,0.999999999999999,1.4142135623731
SDRNNW,5,1.000000008490701,1.79160057802266
sir,2,0.999999999999999,1.4142135623731
save,1,1.0,1.0
phdy,1,1.0,1.0
phdres,1,1.0,1.0
ire,2,0.999999999999999,1.4142135623731
meanOPG,2,1.0,1.4142135623731
meanMAVE,2,0.999999999999999,1.41421356237309
csMAVE,2,0.999999999999999,1.4142135623731
csOPG,2,0.999999999999999,1.41421356237309
KSIR,2,1.0,1.41421356237309
SDRNNW,5,0.999999968253965,1.094987131282818
sir,2,0.999999999999999,1.4142135623731
save,1,1.0,1.0
phdy,3,1.0,1.73205080756888
phdres,3,1.0,1.73205080756888
ire,3,1.0,1.73205080756888
meanOPG,3,0.999999999999998,1.73205080756888
meanMAVE,2,0.999999999999999,1.41421356237309
csMAVE,2,1.0,1.41421356237309
csOPG,2,0.999999999999998,1.41421356237309
KSIR,3,0.999999999999999,1.73205080756888
SDRNNW,4,0.572123050969,0.8330381962823037
sir,3,1.0,1.73205080756888
save,1,1.0,1.0
phdy,2,1.0,1.4142135623731
phdres,2,1.0,1.4142135623731
ire,3,1.0,1.73205080756888
meanOPG,2,0.999999999999999,1.41421356237309
meanMAVE,2,0.999999999999999,1.41421356237309
csMAVE,2,0.999999999999999,1.4142135623731
csOPG,2,0.999999999999999,1.4142135623731
KSIR,2,0.999999999999999,1.4142135623731
SDRNNW,4,0.1891564440236813,0.2919452666828514
sir,2,0.999999999999999,1.41421356237309
save,1,1.0,1.0
phdy,2,1.0,1.41421356237309
phdres,2,0.999999999999999,1.4142135623731
ire,2,1.0,1.4142135623731
meanOPG,2,1.0,1.4142135623731
meanMAVE,2,1.0,1.41421356237309
csMAVE,2,0.999999999999999,1.4142135623731
csOPG,2,0.999999999999999,1.4142135623731
KSIR,2,1.0,1.41421356237309
SDRNNW,4,0.1480879104468795,0.2368667547882012
sir,2,0.999999999999999,1.41421356237309
save,1,1.0,1.0
phdy,1,1.0,1.0
phdres,1,1.0,1.0
ire,2,0.999999999999999,1.41421356237309
meanOPG,2,1.0,1.4142135623731
meanMAVE,2,1.0,1.41421356237309
csMAVE,2,0.999999999999998,1.4142135623731
csOPG,2,0.999999999999999,1.4142135623731
KSIR,2,0.999999999999998,1.41421356237309
SDRNNW,4,0.1362895128639052,0.20310207959483
sir,2,0.999999999999999,1.41421356237309
save,1,1.0,1.0
phdy,1,1.0,1.0
phdres,1,1.0,1.0
ire,1,1.0,1.0
meanOPG,2,0.999999999999999,1.41421356237309
meanMAVE,2,0.999999999999999,1.4142135623731
csMAVE,2,0.999999999999999,1.4142135623731
csOPG,2,0.999999999999999,1.4142135623731
KSIR,1,1.0,1.0
SDRNNW,4,0.3148497316310654,0.4631792278205027
sir,2,0.999999999999999,1.4142135623731
save,1,0.999999999999999,1.0
phdy,1,1.0,1.0
phdres,2,1.0,1.4142135623731
ire,2,1.0,1.41421356237309
meanOPG,2,1.0,1.41421356237309
meanMAVE,2,0.999999999999999,1.41421356237309
csMAVE,2,0.999999999999999,1.4142135623731
csOPG,2,0.999999999999999,1.41421356237309
KSIR,2,0.999999999999999,1.4142135623731
SDRNNW,4,0.564437183725949,0.8603810104830342
sir,2,0.999999999999999,1.41421356237309
save,1,1.0,1.0
phdy,1,1.0,1.0
phdres,1,1.0,1.0
ire,2,1.0,1.4142135623731
meanOPG,2,1.0,1.41421356237309
meanMAVE,2,0.999999999999999,1.41421356237309
csMAVE,2,0.999999999999999,1.4142135623731
csOPG,2,0.999999999999999,1.41421356237309
KSIR,2,0.999999999999998,1.4142135623731
SDRNNW,4,0.3612388056693675,0.541056889803722
sir,2,0.999999999999999,1.4142135623731
save,1,1.0,1.0
phdy,1,1.0,1.0
phdres,2,1.0,1.41421356237309
ire,2,0.999999999999999,1.4142135623731
meanOPG,2,0.999999999999999,1.4142135623731
meanMAVE,2,0.999999999999998,1.41421356237309
csMAVE,2,0.999999999999999,1.41421356237309
csOPG,2,0.999999999999999,1.4142135623731
KSIR,2,1.0,1.41421356237309
SDRNNW,4,0.2688088166297977,0.41485586824835
sir,2,0.999999999999998,1.41421356237309
save,1,1.0,1.0
phdy,1,1.0,1.0
phdres,2,1.0,1.4142135623731
ire,2,0.999999999999999,1.41421356237309
meanOPG,2,0.999999999999999,1.41421356237309
meanMAVE,2,0.999999999999999,1.41421356237309
csMAVE,2,0.999999999999999,1.4142135623731
csOPG,2,0.999999999999999,1.4142135623731
KSIR,2,1.0,1.41421356237309
SDRNNW,4,0.1776965276784477,0.2760444145259046
sir,2,1.0,1.4142135623731
save,1,1.0,1.0
phdy,1,1.0,1.0
phdres,1,1.0,1.0
ire,2,1.0,1.4142135623731
meanOPG,2,1.0,1.4142135623731
meanMAVE,2,0.999999999999999,1.4142135623731
csMAVE,2,0.999999999999999,1.4142135623731
csOPG,2,0.999999999999999,1.4142135623731
KSIR,2,1.0,1.4142135623731
SDRNNW,4,0.3858602716395298,0.5719486205989273
sir,2,0.999999999999999,1.4142135623731
save,1,1.0,1.0
phdy,1,1.0,1.0
phdres,1,1.0,1.0
ire,3,1.0,1.73205080756888
meanOPG,2,0.999999999999999,1.4142135623731
meanMAVE,2,0.999999999999999,1.4142135623731
csMAVE,2,0.999999999999999,1.4142135623731
csOPG,2,0.999999999999999,1.4142135623731
KSIR,2,1.0,1.41421356237309
SDRNNW,4,0.2312937728781957,0.362265373808914
sir,2,1.0,1.4142135623731
save,1,1.0,1.0
phdy,1,1.0,1.0
phdres,1,1.0,1.0
ire,2,1.0,1.4142135623731
meanOPG,2,0.999999999999999,1.4142135623731
meanMAVE,2,1.0,1.4142135623731
csMAVE,2,0.999999999999999,1.4142135623731
csOPG,2,0.999999999999999,1.41421356237309
KSIR,2,0.999999999999999,1.4142135623731
SDRNNW,4,0.1709599557116021,0.2614475846651002
sir,2,0.999999999999999,1.41421356237309
save,1,1.0,1.0
phdy,1,1.0,1.0
phdres,1,1.0,1.0
ire,2,1.0,1.41421356237309
meanOPG,2,0.999999999999999,1.41421356237309
meanMAVE,2,0.999999999999998,1.41421356237309
csMAVE,2,0.999999999999999,1.4142135623731
csOPG,2,1.0,1.4142135623731
KSIR,2,0.999999999999999,1.41421356237309
SDRNNW,3,0.9999999962218455,1.013139854723546
sir,2,0.999999999999999,1.4142135623731
save,1,1.0,1.0
phdy,1,1.0,1.0
phdres,1,1.0,1.0
ire,3,0.999999999999999,1.73205080756888
meanOPG,2,0.999999999999999,1.41421356237309
meanMAVE,2,1.0,1.4142135623731
csMAVE,2,0.999999999999999,1.41421356237309
csOPG,2,0.999999999999999,1.4142135623731
KSIR,2,1.0,1.41421356237309
SDRNNW,4,0.997242685566123,1.485584080398608
sir,2,0.999999999999999,1.41421356237309
save,1,1.0,1.0
phdy,1,1.0,1.0
phdres,1,1.0,1.0
ire,2,1.0,1.4142135623731
meanOPG,2,0.999999999999999,1.4142135623731
meanMAVE,2,0.999999999999999,1.4142135623731
csMAVE,2,0.999999999999999,1.41421356237309
csOPG,2,0.999999999999999,1.41421356237309
KSIR,2,0.999999999999999,1.4142135623731
SDRNNW,4,0.3675527285352279,0.5438566294214423
sir,2,0.999999999999999,1.4142135623731
save,1,1.0,1.0
phdy,1,1.0,1.0
phdres,1,1.0,1.0
ire,2,1.0,1.4142135623731
meanOPG,2,0.999999999999999,1.4142135623731
meanMAVE,2,0.999999999999999,1.4142135623731
csMAVE,2,0.999999999999999,1.4142135623731
csOPG,2,1.0,1.41421356237309
KSIR,2,0.999999999999999,1.4142135623731
SDRNNW,4,0.2994654455920077,0.4769287680955814
sir,2,0.999999999999999,1.41421356237309
save,1,1.0,1.0
phdy,1,1.0,1.0
phdres,3,1.0,1.73205080756888
ire,3,1.0,1.73205080756888
meanOPG,3,0.999999999999999,1.73205080756888
meanMAVE,3,0.999999999999998,1.73205080756888
csMAVE,2,0.999999999999999,1.4142135623731
csOPG,2,1.0,1.41421356237309
KSIR,2,0.999999999999999,1.4142135623731
SDRNNW,4,0.291522050430828,0.4248368422235921
sir,2,0.999999999999999,1.4142135623731
save,1,1.0,1.0
phdy,1,1.0,1.0
phdres,1,1.0,1.0
ire,3,1.0,1.73205080756888
meanOPG,2,0.999999999999999,1.4142135623731
meanMAVE,2,0.999999999999999,1.4142135623731
csMAVE,2,0.999999999999999,1.4142135623731
csOPG,2,0.999999999999999,1.4142135623731
KSIR,2,1.0,1.4142135623731
SDRNNW,5,1.000000012968467,1.288428821605425
sir,2,0.999999999999999,1.41421356237309
save,2,1.0,1.41421356237309
phdy,3,1.0,1.73205080756888
phdres,2,1.0,1.41421356237309
ire,3,1.0,1.73205080756888
meanOPG,2,0.999999999999999,1.4142135623731
meanMAVE,2,0.999999999999999,1.41421356237309
csMAVE,2,0.999999999999999,1.4142135623731
csOPG,2,1.0,1.4142135623731
KSIR,2,1.0,1.41421356237309
SDRNNW,4,0.2518268859713087,0.3944552997067495
sir,3,1.0,1.73205080756888
save,1,1.0,1.0
phdy,1,1.0,1.0
phdres,1,1.0,1.0
ire,4,0.999291665930941,2.0
meanOPG,2,0.999999999999999,1.4142135623731
meanMAVE,2,0.999999999999999,1.41421356237309
csMAVE,2,0.999999999999999,1.41421356237309
csOPG,2,0.999999999999999,1.4142135623731
KSIR,2,1.0,1.41421356237309
SDRNNW,3,1.000000097103702,1.017868575431367
sir,3,1.0,1.73205080756888
save,1,1.0,1.0
phdy,1,1.0,1.0
phdres,2,1.0,1.41421356237309
ire,3,1.0,1.73205080756888
meanOPG,2,0.999999999999999,1.4142135623731
meanMAVE,2,0.999999999999999,1.41421356237309
csMAVE,2,0.999999999999999,1.4142135623731
csOPG,2,0.999999999999999,1.4142135623731
KSIR,2,1.0,1.4142135623731
SDRNNW,4,0.2841195232102603,0.5231293044255326
sir,2,0.999999999999999,1.4142135623731
save,1,1.0,1.0
phdy,1,1.0,1.0
phdres,1,1.0,1.0
ire,2,0.999999999999998,1.41421356237309
meanOPG,2,0.999999999999999,1.4142135623731
meanMAVE,2,0.999999999999999,1.41421356237309
csMAVE,2,1.0,1.4142135623731
csOPG,2,0.999999999999999,1.4142135623731
KSIR,2,0.999999999999998,1.4142135623731
SDRNNW,4,0.3603154346032585,0.5394057153191129
sir,2,0.999999999999999,1.41421356237309
save,1,1.0,1.0
phdy,1,1.0,1.0
phdres,2,1.0,1.4142135623731
ire,2,0.999999999999999,1.4142135623731
meanOPG,2,0.999999999999999,1.4142135623731
meanMAVE,2,0.999999999999999,1.41421356237309
csMAVE,2,0.999999999999999,1.4142135623731
csOPG,2,0.999999999999999,1.41421356237309
KSIR,2,0.999999999999999,1.4142135623731
SDRNNW,4,0.2749182976610067,0.4801705543555816
sir,2,1.0,1.4142135623731
save,1,1.0,1.0
phdy,1,1.0,1.0
phdres,1,1.0,1.0
ire,2,1.0,1.4142135623731
meanOPG,3,0.999999999999998,1.73205080756888
meanMAVE,3,0.999999999999999,1.73205080756888
csMAVE,2,1.0,1.4142135623731
csOPG,2,0.999999999999999,1.4142135623731
KSIR,2,1.0,1.4142135623731
SDRNNW,4,0.4492907936875196,0.6752551204081615
sir,2,0.999999999999999,1.4142135623731
save,1,1.0,1.0
phdy,1,1.0,1.0
phdres,2,1.0,1.4142135623731
ire,2,1.0,1.4142135623731
meanOPG,3,0.999999999999998,1.73205080756888
meanMAVE,3,0.999999999999998,1.73205080756888
csMAVE,2,0.999999999999999,1.41421356237309
csOPG,2,0.999999999999998,1.41421356237309
KSIR,2,1.0,1.4142135623731
SDRNNW,6,1.000000020888471,1.431744437079806
sir,2,1.0,1.41421356237309
save,1,1.0,1.0
phdy,1,1.0,1.0
phdres,1,1.0,1.0
ire,2,0.999999999999999,1.41421356237309
meanOPG,2,0.999999999999999,1.41421356237309
meanMAVE,2,0.999999999999998,1.4142135623731
csMAVE,2,0.999999999999999,1.41421356237309
csOPG,2,0.999999999999999,1.41421356237309
KSIR,2,1.0,1.4142135623731
SDRNNW,4,0.3012867764273531,0.4582760566904734
sir,2,0.999999999999999,1.4142135623731
save,1,1.0,1.0
phdy,1,1.0,1.0
phdres,2,1.0,1.4142135623731
ire,3,1.0,1.73205080756888
meanOPG,2,0.999999999999999,1.4142135623731
meanMAVE,2,0.999999999999999,1.4142135623731
csMAVE,2,0.999999999999999,1.4142135623731
csOPG,2,0.999999999999998,1.4142135623731
KSIR,2,0.999999999999998,1.4142135623731
SDRNNW,4,0.464609736235838,0.6816546568646407
sir,2,0.999999999999998,1.4142135623731
save,1,1.0,1.0
phdy,1,1.0,1.0
phdres,1,1.0,1.0
ire,3,0.999999999999999,1.73205080756888
meanOPG,2,0.999999999999999,1.4142135623731
meanMAVE,2,0.999999999999999,1.4142135623731
csMAVE,2,0.999999999999999,1.4142135623731
csOPG,2,0.999999999999999,1.4142135623731
KSIR,1,1.0,1.0
SDRNNW,8,1.000000054631343,2.019617010974593
sir,2,0.999999999999999,1.4142135623731
save,1,1.0,1.0
phdy,1,1.0,1.0
phdres,2,0.999999999999999,1.4142135623731
ire,3,1.0,1.73205080756888
meanOPG,2,0.999999999999999,1.41421356237309
meanMAVE,3,0.999999999999998,1.73205080756888
csMAVE,2,1.0,1.4142135623731
csOPG,2,0.999999999999999,1.4142135623731
KSIR,2,0.999999999999999,1.41421356237309
SDRNNW,5,0.9999999727242912,1.113979710994991
sir,2,0.999999999999999,1.4142135623731
save,2,1.0,1.4142135623731
phdy,1,1.0,1.0
phdres,1,1.0,1.0
ire,2,0.999999999999999,1.4142135623731
meanOPG,2,0.999999999999999,1.4142135623731
meanMAVE,2,1.0,1.4142135623731
csMAVE,2,1.0,1.41421356237309
csOPG,2,0.999999999999999,1.41421356237309
KSIR,2,1.0,1.4142135623731
SDRNNW,5,0.9999999946893092,1.02592568748958
sir,2,0.999999999999999,1.4142135623731
save,1,1.0,1.0
phdy,1,1.0,1.0
phdres,2,1.0,1.4142135623731
ire,2,1.0,1.4142135623731
meanOPG,2,0.999999999999999,1.4142135623731
meanMAVE,2,0.999999999999998,1.4142135623731
csMAVE,2,0.999999999999998,1.4142135623731
csOPG,2,0.999999999999999,1.4142135623731
KSIR,2,1.0,1.4142135623731
SDRNNW,4,0.2085555567660967,0.3115035778076609
sir,2,0.999999999999998,1.4142135623731
save,1,1.0,1.0
phdy,1,1.0,1.0
phdres,2,1.0,1.41421356237309
ire,2,0.999999999999999,1.41421356237309
meanOPG,2,0.999999999999999,1.4142135623731
meanMAVE,2,1.0,1.41421356237309
csMAVE,2,0.999999999999999,1.41421356237309
csOPG,2,0.999999999999999,1.41421356237309
KSIR,2,0.999999999999999,1.41421356237309
SDRNNW,4,0.4718950107842466,0.6958390048939491
sir,2,1.0,1.4142135623731
save,1,1.0,1.0
phdy,1,1.0,1.0
phdres,2,1.0,1.4142135623731
ire,3,1.0,1.73205080756888
meanOPG,2,0.999999999999998,1.4142135623731
meanMAVE,2,0.999999999999999,1.4142135623731
csMAVE,2,0.999999999999999,1.4142135623731
csOPG,2,0.999999999999999,1.4142135623731
KSIR,3,1.0,1.73205080756888
SDRNNW,4,0.4155614718065992,0.6256629331414042
sir,3,0.999999999999998,1.73205080756888
save,1,1.0,1.0
phdy,1,1.0,1.0
phdres,2,0.999999999999999,1.4142135623731
ire,3,1.0,1.73205080756888
meanOPG,2,0.999999999999999,1.4142135623731
meanMAVE,2,0.999999999999998,1.41421356237309
csMAVE,2,0.999999999999999,1.4142135623731
csOPG,2,0.999999999999999,1.41421356237309
KSIR,2,0.999999999999999,1.4142135623731
SDRNNW,4,0.2453707914643736,0.3584764126909298
sir,2,0.999999999999999,1.41421356237309
save,1,1.0,1.0
phdy,2,1.0,1.41421356237309
phdres,1,1.0,1.0
ire,2,1.0,1.4142135623731
meanOPG,2,0.999999999999999,1.4142135623731
meanMAVE,2,0.999999999999999,1.4142135623731
csMAVE,2,0.999999999999999,1.41421356237309
csOPG,2,0.999999999999999,1.4142135623731
KSIR,1,1.0,1.0
SDRNNW,4,0.2144539402136838,0.3231288328202906
sir,2,0.999999999999999,1.4142135623731
save,1,1.0,1.0
phdy,1,1.0,1.0
phdres,3,0.999999999999998,1.73205080756888
ire,2,0.999999999999999,1.41421356237309
meanOPG,2,0.999999999999999,1.41421356237309
meanMAVE,2,0.999999999999999,1.4142135623731
csMAVE,2,0.999999999999999,1.4142135623731
csOPG,2,0.999999999999999,1.41421356237309
KSIR,2,0.999999999999998,1.4142135623731
SDRNNW,4,0.3295298423629769,0.4772441898855849
sir,2,0.999999999999999,1.41421356237309
save,1,1.0,1.0
phdy,1,1.0,1.0
phdres,1,1.0,1.0
ire,2,1.0,1.41421356237309
meanOPG,2,0.999999999999999,1.4142135623731
meanMAVE,2,0.999999999999999,1.4142135623731
csMAVE,2,0.999999999999999,1.4142135623731
csOPG,2,0.999999999999999,1.41421356237309
KSIR,2,1.0,1.4142135623731
SDRNNW,4,0.4936618115417912,0.7474046628672856
sir,2,0.999999999999999,1.4142135623731
save,1,1.0,1.0
phdy,1,1.0,1.0
phdres,2,1.0,1.41421356237309
ire,2,0.999999999999999,1.4142135623731
meanOPG,3,0.999999999999998,1.73205080756888
meanMAVE,2,1.0,1.41421356237309
csMAVE,2,0.999999999999999,1.41421356237309
csOPG,2,0.999999999999999,1.41421356237309
KSIR,2,0.999999999999999,1.4142135623731
SDRNNW,5,1.000000040367108,1.036171028821874
sir,2,0.999999999999999,1.4142135623731
save,1,1.0,1.0
phdy,1,1.0,1.0
phdres,1,1.0,1.0
ire,2,1.0,1.41421356237309
meanOPG,2,0.999999999999999,1.41421356237309
meanMAVE,2,0.999999999999999,1.4142135623731
csMAVE,2,1.0,1.41421356237309
csOPG,2,0.999999999999998,1.4142135623731
KSIR,2,0.999999999999999,1.41421356237309
SDRNNW,3,1.000000006032036,1.139896447973243
sir,2,0.999999999999999,1.41421356237309
save,1,1.0,1.0
phdy,1,1.0,1.0
phdres,1,1.0,1.0
ire,3,1.0,1.73205080756888
meanOPG,3,0.999999999999998,1.73205080756888
meanMAVE,3,0.999999999999998,1.73205080756888
csMAVE,2,0.999999999999999,1.4142135623731
csOPG,2,0.999999999999999,1.41421356237309
KSIR,2,1.0,1.4142135623731
SDRNNW,4,0.1825133334434477,0.2672432994132694
sir,2,0.999999999999999,1.4142135623731
save,1,1.0,1.0
phdy,1,1.0,1.0
phdres,2,1.0,1.4142135623731
ire,2,0.999999999999998,1.4142135623731
meanOPG,2,0.999999999999999,1.4142135623731
meanMAVE,2,0.999999999999999,1.4142135623731
csMAVE,2,0.999999999999999,1.41421356237309
csOPG,2,1.0,1.4142135623731
KSIR,2,0.999999999999999,1.4142135623731
SDRNNW,5,0.999999963152576,1.061991621204893
sir,2,0.999999999999999,1.4142135623731
save,1,1.0,1.0
phdy,1,1.0,1.0
phdres,2,0.999999999999999,1.4142135623731
ire,2,0.999999999999999,1.4142135623731
meanOPG,2,0.999999999999999,1.4142135623731
meanMAVE,2,0.999999999999999,1.4142135623731
csMAVE,2,0.999999999999999,1.41421356237309
csOPG,2,1.0,1.41421356237309
KSIR,2,0.999999999999999,1.41421356237309
SDRNNW,4,0.2249652616779511,0.3591967157870466
sir,2,0.999999999999999,1.4142135623731
save,1,1.0,1.0
phdy,1,1.0,1.0
phdres,2,1.0,1.4142135623731
ire,2,1.0,1.41421356237309
meanOPG,2,0.999999999999999,1.4142135623731
meanMAVE,2,1.0,1.4142135623731
csMAVE,2,0.999999999999999,1.4142135623731
csOPG,2,0.999999999999999,1.4142135623731
KSIR,2,1.0,1.4142135623731
SDRNNW,3,1.000000042383765,1.188520291750403
sir,2,0.999999999999999,1.4142135623731
save,1,1.0,1.0
phdy,1,1.0,1.0
phdres,2,1.0,1.4142135623731
ire,3,1.0,1.73205080756888
meanOPG,2,0.999999999999999,1.4142135623731
meanMAVE,2,1.0,1.41421356237309
csMAVE,2,0.999999999999999,1.4142135623731
csOPG,2,0.999999999999999,1.4142135623731
KSIR,2,0.999999999999999,1.41421356237309
SDRNNW,4,0.2129913941159531,0.3129551080319353
sir,2,0.999999999999999,1.41421356237309
save,1,1.0,1.0
phdy,2,0.999999999999998,1.4142135623731
phdres,1,1.0,1.0
ire,2,0.999999999999999,1.4142135623731
meanOPG,2,0.999999999999999,1.41421356237309
meanMAVE,2,0.999999999999999,1.4142135623731
csMAVE,2,0.999999999999999,1.41421356237309
csOPG,2,1.0,1.41421356237309
KSIR,2,1.0,1.4142135623731
SDRNNW,5,1.000000056752309,1.159592957297476
sir,2,1.0,1.41421356237309
save,1,1.0,1.0
phdy,1,1.0,1.0
phdres,3,1.0,1.73205080756888
ire,2,1.0,1.4142135623731
meanOPG,2,0.999999999999999,1.41421356237309
meanMAVE,2,0.999999999999999,1.4142135623731
csMAVE,2,0.999999999999999,1.4142135623731
csOPG,2,0.999999999999999,1.41421356237309
KSIR,2,1.0,1.4142135623731
SDRNNW,4,0.4385193502785094,0.650996607193299
sir,2,0.999999999999999,1.4142135623731
save,1,1.0,1.0
phdy,1,1.0,1.0
phdres,1,1.0,1.0
ire,3,1.0,1.73205080756888
meanOPG,3,0.999999999999998,1.73205080756888
meanMAVE,3,0.999999999999998,1.73205080756888
csMAVE,2,0.999999999999998,1.4142135623731
csOPG,2,0.999999999999999,1.4142135623731
KSIR,2,0.999999999999999,1.4142135623731
SDRNNW,4,0.2828552406108899,0.4087471874507686
sir,2,0.999999999999999,1.4142135623731
save,1,1.0,1.0
phdy,1,1.0,1.0
phdres,1,1.0,1.0
ire,3,0.999999999999999,1.73205080756888
meanOPG,2,0.999999999999999,1.41421356237309
meanMAVE,2,0.999999999999999,1.4142135623731
csMAVE,2,0.999999999999999,1.4142135623731
csOPG,2,0.999999999999999,1.4142135623731
KSIR,2,0.999999999999998,1.41421356237309
SDRNNW,5,1.000000005910727,1.107077821742732
sir,2,0.999999999999999,1.41421356237309
save,1,1.0,1.0
phdy,1,1.0,1.0
phdres,3,0.999999999999999,1.73205080756888
ire,3,1.0,1.73205080756888
meanOPG,2,0.999999999999999,1.4142135623731
meanMAVE,2,0.999999999999999,1.41421356237309
csMAVE,2,1.0,1.4142135623731
csOPG,2,0.999999999999999,1.41421356237309
KSIR,2,1.0,1.4142135623731
SDRNNW,4,0.1566440283460747,0.2665087877725922
sir,2,0.999999999999999,1.4142135623731
save,1,1.0,1.0
phdy,2,1.0,1.4142135623731
phdres,1,1.0,1.0
ire,2,0.999999999999998,1.41421356237309
meanOPG,2,0.999999999999999,1.41421356237309
meanMAVE,2,1.0,1.41421356237309
csMAVE,2,0.999999999999999,1.41421356237309
csOPG,2,0.999999999999999,1.4142135623731
KSIR,2,1.0,1.4142135623731
SDRNNW,4,0.3580831117673738,0.5562098048751581
sir,2,0.999999999999998,1.4142135623731
save,1,1.0,1.0
phdy,1,1.0,1.0
phdres,1,1.0,1.0
ire,2,1.0,1.4142135623731
meanOPG,2,0.999999999999999,1.4142135623731
meanMAVE,2,0.999999999999999,1.4142135623731
csMAVE,2,0.999999999999999,1.4142135623731
csOPG,2,0.999999999999999,1.41421356237309
KSIR,2,0.999999999999999,1.41421356237309
SDRNNW,4,0.2730181630064317,0.4202684350664776
sir,2,0.999999999999999,1.41421356237309
save,1,1.0,1.0
phdy,2,1.0,1.4142135623731
phdres,2,0.999999999999999,1.4142135623731
ire,3,0.999999999999998,1.73205080756888
meanOPG,3,0.999999999999999,1.73205080756888
meanMAVE,3,0.999999999999999,1.73205080756888
csMAVE,2,0.999999999999999,1.4142135623731
csOPG,2,0.999999999999999,1.4142135623731
KSIR,1,1.0,1.0
SDRNNW,4,0.6511096463017315,0.9532441511155461
sir,2,0.999999999999999,1.41421356237309
save,1,1.0,1.0
phdy,2,1.0,1.4142135623731
phdres,3,1.0,1.73205080756888
ire,3,1.0,1.73205080756888
meanOPG,2,0.999999999999999,1.4142135623731
meanMAVE,2,0.999999999999998,1.4142135623731
csMAVE,2,0.999999999999999,1.4142135623731
csOPG,2,0.999999999999999,1.41421356237309
KSIR,2,0.999999999999999,1.4142135623731
SDRNNW,4,0.3542869765916362,0.6143122529996106
sir,2,0.999999999999999,1.41421356237309
save,1,1.0,1.0
phdy,1,1.0,1.0
phdres,2,1.0,1.4142135623731
ire,2,0.999999999999999,1.41421356237309
meanOPG,2,0.999999999999999,1.4142135623731
meanMAVE,2,0.999999999999999,1.4142135623731
csMAVE,2,0.999999999999999,1.41421356237309
csOPG,2,0.999999999999999,1.41421356237309
KSIR,2,0.999999999999999,1.41421356237309
SDRNNW,4,0.4393146924446958,0.7671461065319543
sir,2,1.0,1.41421356237309
save,1,1.0,1.0
phdy,1,1.0,1.0
phdres,3,1.0,1.73205080756888
ire,2,1.0,1.4142135623731
meanOPG,2,0.999999999999998,1.4142135623731
meanMAVE,2,0.999999999999999,1.4142135623731
csMAVE,2,0.999999999999999,1.4142135623731
csOPG,2,1.0,1.4142135623731
KSIR,2,1.0,1.4142135623731
SDRNNW,4,0.2208312635503473,0.3525672595811069
sir,2,0.999999999999999,1.41421356237309
save,1,1.0,1.0
phdy,1,1.0,1.0
phdres,2,0.999999999999999,1.4142135623731
ire,3,1.0,1.73205080756888
meanOPG,2,0.999999999999999,1.4142135623731
meanMAVE,2,0.999999999999999,1.4142135623731
csMAVE,2,0.999999999999999,1.4142135623731
csOPG,2,0.999999999999999,1.4142135623731
KSIR,2,0.999999999999999,1.4142135623731
SDRNNW,4,0.2616117380043466,0.4134132341639141
sir,2,0.999999999999999,1.4142135623731
save,1,1.0,1.0
phdy,1,1.0,1.0
phdres,1,1.0,1.0
ire,3,1.0,1.73205080756888
meanOPG,2,0.999999999999998,1.4142135623731
meanMAVE,2,0.999999999999999,1.4142135623731
csMAVE,2,0.999999999999999,1.4142135623731
csOPG,2,0.999999999999999,1.4142135623731
KSIR,2,0.999999999999998,1.4142135623731
SDRNNW,4,0.3145182011922331,0.4658581037111961
sir,2,0.999999999999999,1.41421356237309
save,2,1.0,1.4142135623731
phdy,3,1.0,1.73205080756888
phdres,3,0.999999999999997,1.73205080756888
ire,3,1.0,1.73205080756888
meanOPG,3,0.999999999999998,1.73205080756888
meanMAVE,3,0.999999999999998,1.73205080756888
csMAVE,2,0.999999999999999,1.41421356237309
csOPG,2,0.999999999999998,1.4142135623731
KSIR,2,0.999999999999998,1.4142135623731
SDRNNW,4,0.3088040664254194,0.4596688253129537
sir,2,0.999999999999998,1.4142135623731
save,1,1.0,1.0
phdy,1,1.0,1.0
phdres,2,1.0,1.4142135623731
ire,3,1.0,1.73205080756888
meanOPG,2,0.999999999999999,1.4142135623731
meanMAVE,2,0.999999999999999,1.4142135623731
csMAVE,2,0.999999999999999,1.4142135623731
csOPG,2,0.999999999999999,1.41421356237309
KSIR,2,1.0,1.4142135623731
SDRNNW,4,0.264464302160813,0.3856681613618306
sir,2,0.999999999999998,1.4142135623731
save,1,1.0,1.0
phdy,1,1.0,1.0
phdres,1,1.0,1.0
ire,3,1.0,1.73205080756888
meanOPG,2,0.999999999999998,1.4142135623731
meanMAVE,2,1.0,1.4142135623731
csMAVE,2,0.999999999999999,1.4142135623731
csOPG,2,0.999999999999999,1.4142135623731
KSIR,2,1.0,1.41421356237309
SDRNNW,6,1.000000022420169,1.538997678501794
sir,2,0.999999999999999,1.41421356237309
save,1,1.0,1.0
phdy,1,1.0,1.0
phdres,1,1.0,1.0
ire,3,1.0,1.73205080756888
meanOPG,2,0.999999999999999,1.4142135623731
meanMAVE,2,0.999999999999999,1.4142135623731
csMAVE,2,0.999999999999999,1.4142135623731
csOPG,2,0.999999999999999,1.4142135623731
KSIR,2,1.0,1.4142135623731
SDRNNW,4,0.1704063170275725,0.2848774927027108
sir,2,0.999999999999999,1.4142135623731
save,1,1.0,1.0
phdy,1,1.0,1.0
phdres,2,1.0,1.4142135623731
ire,3,1.0,1.73205080756888
meanOPG,2,0.999999999999999,1.4142135623731
meanMAVE,3,0.999999999999998,1.73205080756888
csMAVE,2,0.999999999999999,1.4142135623731
csOPG,2,1.0,1.41421356237309
KSIR,3,1.0,1.73205080756888
SDRNNW,5,0.9999999893582325,1.073462689598383
sir,2,0.999999999999999,1.4142135623731
save,1,1.0,1.0
phdy,2,1.0,1.41421356237309
phdres,1,1.0,1.0
ire,2,0.999999999999999,1.4142135623731
meanOPG,2,0.999999999999999,1.4142135623731
meanMAVE,2,0.999999999999998,1.4142135623731
csMAVE,2,0.999999999999999,1.4142135623731
csOPG,2,0.999999999999999,1.41421356237309
KSIR,2,0.999999999999999,1.4142135623731
SDRNNW,4,0.1699174494019486,0.2793397020457876
sir,2,0.999999999999998,1.4142135623731
save,1,1.0,1.0
phdy,1,1.0,1.0
phdres,2,1.0,1.4142135623731
ire,2,0.999999999999999,1.41421356237309
meanOPG,3,0.999999999999998,1.73205080756888
meanMAVE,3,0.999999999999998,1.73205080756888
csMAVE,2,0.999999999999999,1.41421356237309
csOPG,2,0.999999999999999,1.4142135623731
KSIR,2,1.0,1.41421356237309
SDRNNW,4,0.2038046166021234,0.3524168516127477
sir,2,0.999999999999999,1.4142135623731
save,1,1.0,1.0
phdy,1,1.0,1.0
phdres,3,1.0,1.73205080756888
ire,2,0.999999999999999,1.4142135623731
meanOPG,2,0.999999999999999,1.4142135623731
meanMAVE,2,0.999999999999999,1.4142135623731
csMAVE,2,0.999999999999999,1.4142135623731
csOPG,2,0.999999999999998,1.41421356237309
KSIR,2,1.0,1.41421356237309
SDRNNW,4,0.4181103498213651,0.608789455532095
sir,2,0.999999999999999,1.41421356237309
save,1,1.0,1.0
phdy,1,1.0,1.0
phdres,2,0.999999999999999,1.41421356237309
ire,3,1.0,1.73205080756888
meanOPG,2,0.999999999999999,1.4142135623731
meanMAVE,2,1.0,1.4142135623731
csMAVE,2,0.999999999999998,1.41421356237309
csOPG,2,0.999999999999999,1.4142135623731
KSIR,2,1.0,1.4142135623731
SDRNNW,4,0.1961669953144985,0.3142492812095231
sir,2,0.999999999999999,1.4142135623731
save,1,1.0,1.0
phdy,1,1.0,1.0
phdres,1,1.0,1.0
ire,3,1.0,1.73205080756888
meanOPG,2,0.999999999999999,1.41421356237309
meanMAVE,2,0.999999999999998,1.4142135623731
csMAVE,2,0.999999999999998,1.4142135623731
csOPG,2,0.999999999999999,1.4142135623731
KSIR,2,0.999999999999999,1.41421356237309
SDRNNW,4,0.1373545488723922,0.2402019346518232
sir,2,0.999999999999999,1.4142135623731
save,1,1.0,1.0
phdy,1,1.0,1.0
phdres,2,1.0,1.41421356237309
ire,3,0.999999999999999,1.73205080756888
meanOPG,2,1.0,1.4142135623731
meanMAVE,2,0.999999999999999,1.4142135623731
csMAVE,2,0.999999999999998,1.4142135623731
csOPG,2,1.0,1.41421356237309
KSIR,2,0.999999999999999,1.4142135623731
SDRNNW,4,0.297607199727869,0.4419651349932577
sir,2,0.999999999999999,1.4142135623731
save,1,1.0,1.0
phdy,1,1.0,1.0
phdres,1,1.0,1.0
ire,3,1.0,1.73205080756888
meanOPG,2,0.999999999999999,1.4142135623731
meanMAVE,2,0.999999999999999,1.4142135623731
csMAVE,2,0.999999999999999,1.4142135623731
csOPG,2,0.999999999999999,1.41421356237309
KSIR,2,1.0,1.4142135623731
SDRNNW,4,0.9363378967180489,1.344741798466508
sir,2,0.999999999999999,1.41421356237309
save,1,1.0,1.0
phdy,1,1.0,1.0
phdres,1,1.0,1.0
ire,3,1.0,1.73205080756888
meanOPG,2,0.999999999999998,1.41421356237309
meanMAVE,2,0.999999999999999,1.4142135623731
csMAVE,2,0.999999999999999,1.4142135623731
csOPG,2,0.999999999999999,1.4142135623731
KSIR,2,1.0,1.4142135623731
SDRNNW,4,0.6069469857324522,0.8902628442323803
sir,2,0.999999999999999,1.41421356237309
save,1,1.0,1.0
phdy,1,1.0,1.0
phdres,1,1.0,1.0
ire,2,1.0,1.4142135623731
meanOPG,2,0.999999999999999,1.4142135623731
meanMAVE,2,0.999999999999999,1.4142135623731
csMAVE,2,0.999999999999999,1.41421356237309
csOPG,2,0.999999999999999,1.4142135623731
KSIR,2,1.0,1.41421356237309
SDRNNW,4,0.4902159229707266,0.7076910240857258
sir,2,0.999999999999999,1.4142135623731
save,1,1.0,1.0
phdy,1,1.0,1.0
phdres,1,1.0,1.0
ire,2,1.0,1.41421356237309
meanOPG,2,1.0,1.4142135623731
meanMAVE,2,0.999999999999998,1.41421356237309
csMAVE,2,0.999999999999999,1.4142135623731
csOPG,2,0.999999999999998,1.4142135623731
KSIR,2,1.0,1.41421356237309
SDRNNW,4,0.3384466963262601,0.4887904711654568
sir,2,0.999999999999999,1.4142135623731
save,1,1.0,1.0
phdy,1,1.0,1.0
phdres,1,1.0,1.0
ire,3,1.0,1.73205080756888
meanOPG,2,0.999999999999999,1.41421356237309
meanMAVE,2,0.999999999999999,1.4142135623731
csMAVE,2,0.999999999999999,1.4142135623731
csOPG,2,1.0,1.4142135623731
KSIR,2,0.999999999999999,1.41421356237309
SDRNNW,4,0.3707103614293629,0.5404945687136201
sir,2,0.999999999999998,1.4142135623731
save,1,1.0,1.0
phdy,2,1.0,1.4142135623731
phdres,1,1.0,1.0
ire,2,0.999999999999999,1.4142135623731
meanOPG,2,0.999999999999999,1.4142135623731
meanMAVE,3,0.999999999999998,1.73205080756888
csMAVE,2,0.999999999999998,1.4142135623731
csOPG,2,0.999999999999999,1.4142135623731
KSIR,2,1.0,1.4142135623731
SDRNNW,4,0.2609956015504136,0.4367443605935397
sir,2,0.999999999999999,1.4142135623731
save,1,1.0,1.0
phdy,2,1.0,1.4142135623731
phdres,2,1.0,1.4142135623731
ire,2,1.0,1.4142135623731
meanOPG,2,0.999999999999999,1.4142135623731
meanMAVE,2,1.0,1.41421356237309
csMAVE,2,0.999999999999998,1.41421356237309
csOPG,2,0.999999999999999,1.4142135623731
KSIR,2,0.999999999999999,1.41421356237309
SDRNNW,5,0.9999999765066845,1.092085306576418
sir,2,0.999999999999999,1.41421356237309
save,2,0.999999999999999,1.41421356237309
phdy,1,1.0,1.0
phdres,1,1.0,1.0
ire,2,0.999999999999998,1.4142135623731
meanOPG,2,0.999999999999999,1.4142135623731
meanMAVE,2,1.0,1.4142135623731
csMAVE,2,0.999999999999999,1.4142135623731
csOPG,2,0.999999999999999,1.4142135623731
KSIR,2,0.999999999999998,1.41421356237309
SDRNNW,4,0.5691460115409568,0.9286817142369315
sir,3,1.0,1.73205080756888
save,1,1.0,1.0
phdy,1,1.0,1.0
phdres,2,1.0,1.4142135623731
ire,3,1.0,1.73205080756888
meanOPG,2,0.999999999999999,1.41421356237309
meanMAVE,2,0.999999999999999,1.4142135623731
csMAVE,2,0.999999999999999,1.4142135623731
csOPG,2,0.999999999999998,1.4142135623731
KSIR,2,0.999999999999999,1.4142135623731
SDRNNW,4,0.1719691374185792,0.2750249499064698
sir,2,0.999999999999999,1.4142135623731
save,1,1.0,1.0
phdy,2,1.0,1.41421356237309
phdres,2,1.0,1.41421356237309
ire,3,1.0,1.73205080756888
meanOPG,3,0.999999999999998,1.73205080756888
meanMAVE,3,0.999999999999998,1.73205080756888
csMAVE,2,0.999999999999999,1.41421356237309
csOPG,2,0.999999999999999,1.4142135623731
KSIR,2,0.999999999999999,1.4142135623731
SDRNNW,4,0.3136554652365118,0.4990455629746454
sir,2,0.999999999999999,1.4142135623731
save,1,1.0,1.0
phdy,2,1.0,1.4142135623731
phdres,2,1.0,1.41421356237309
ire,2,0.999999999999998,1.4142135623731
meanOPG,2,0.999999999999999,1.41421356237309
meanMAVE,2,0.999999999999999,1.4142135623731
csMAVE,2,0.999999999999999,1.41421356237309
csOPG,2,1.0,1.4142135623731
KSIR,2,1.0,1.41421356237309
SDRNNW,4,0.2507582590180202,0.38288441582841
sir,2,0.999999999999999,1.4142135623731
save,1,1.0,1.0
phdy,3,1.0,1.73205080756888
phdres,2,1.0,1.4142135623731
ire,2,0.999999999999998,1.4142135623731
meanOPG,2,0.999999999999999,1.4142135623731
meanMAVE,2,0.999999999999999,1.4142135623731
csMAVE,2,0.999999999999999,1.41421356237309
csOPG,2,0.999999999999999,1.4142135623731
KSIR,2,0.999999999999998,1.4142135623731
SDRNNW,4,0.4287652255843153,0.7246934696655185
sir,2,0.999999999999999,1.4142135623731
save,1,1.0,1.0
phdy,1,1.0,1.0
phdres,2,1.0,1.41421356237309
ire,2,1.0,1.41421356237309
meanOPG,2,0.999999999999999,1.4142135623731
meanMAVE,2,0.999999999999999,1.41421356237309
csMAVE,2,0.999999999999998,1.4142135623731
csOPG,2,1.0,1.41421356237309
KSIR,2,0.999999999999999,1.41421356237309
SDRNNW,5,0.9999999779619894,1.087339389104546
sir,2,1.0,1.4142135623731
save,1,1.0,1.0
phdy,2,1.0,1.41421356237309
phdres,1,1.0,1.0
ire,3,1.0,1.73205080756888
meanOPG,2,0.999999999999999,1.41421356237309
meanMAVE,2,0.999999999999999,1.4142135623731
csMAVE,2,0.999999999999999,1.4142135623731
csOPG,2,1.0,1.4142135623731
KSIR,2,1.0,1.41421356237309
SDRNNW,4,0.3580222329559976,0.5636320400321783
sir,2,0.999999999999998,1.4142135623731
save,1,0.999999999999999,1.0
phdy,1,1.0,1.0
phdres,1,1.0,1.0
ire,3,0.999999999999998,1.73205080756888
meanOPG,2,0.999999999999999,1.4142135623731
meanMAVE,2,0.999999999999999,1.41421356237309
csMAVE,2,0.999999999999999,1.4142135623731
csOPG,2,0.999999999999999,1.41421356237309
KSIR,1,1.0,1.0
SDRNNW,4,0.1988649171837873,0.3133597112295498
sir,2,0.999999999999999,1.4142135623731
save,1,1.0,1.0
phdy,1,1.0,1.0
phdres,1,1.0,1.0
ire,3,1.0,1.73205080756888
meanOPG,2,0.999999999999999,1.41421356237309
meanMAVE,2,0.999999999999999,1.4142135623731
csMAVE,2,0.999999999999999,1.4142135623731
csOPG,2,0.999999999999999,1.4142135623731
KSIR,3,1.0,1.73205080756888
SDRNNW,5,1.000000003008598,1.024312453622365
sir,2,0.999999999999999,1.41421356237309
save,1,1.0,1.0
phdy,1,1.0,1.0
phdres,2,1.0,1.4142135623731
ire,2,0.999999999999999,1.4142135623731
meanOPG,2,0.999999999999999,1.41421356237309
meanMAVE,2,0.999999999999999,1.4142135623731
csMAVE,2,0.999999999999999,1.4142135623731
csOPG,2,0.999999999999999,1.4142135623731
KSIR,2,0.999999999999998,1.4142135623731
SDRNNW,5,1.000000003958363,1.0686660807256
sir,2,0.999999999999999,1.4142135623731
save,1,1.0,1.0
phdy,2,1.0,1.4142135623731
phdres,1,1.0,1.0
ire,2,0.999999999999999,1.4142135623731
meanOPG,2,0.999999999999999,1.41421356237309
meanMAVE,2,0.999999999999998,1.41421356237309
csMAVE,2,1.0,1.4142135623731
csOPG,2,0.999999999999999,1.4142135623731
KSIR,2,0.999999999999999,1.41421356237309
SDRNNW,4,0.6395364394436431,0.929721242954019
sir,2,0.999999999999999,1.4142135623731
save,1,1.0,1.0
phdy,2,1.0,1.41421356237309
phdres,3,0.999999999999999,1.73205080756888
ire,2,0.999999999999999,1.4142135623731
meanOPG,2,0.999999999999999,1.41421356237309
meanMAVE,2,0.999999999999999,1.4142135623731
csMAVE,2,0.999999999999999,1.4142135623731
csOPG,2,0.999999999999999,1.41421356237309
KSIR,2,0.999999999999999,1.4142135623731
SDRNNW,4,0.1319123278270851,0.2379023078430977
sir,2,0.999999999999999,1.41421356237309
save,1,1.0,1.0
phdy,2,1.0,1.4142135623731
phdres,2,1.0,1.41421356237309
ire,2,1.0,1.4142135623731
meanOPG,2,1.0,1.4142135623731
meanMAVE,2,0.999999999999999,1.41421356237309
csMAVE,2,0.999999999999999,1.4142135623731
csOPG,2,0.999999999999999,1.4142135623731
KSIR,2,1.0,1.4142135623731
SDRNNW,4,0.1041439499990777,0.1701801539916419
sir,2,0.999999999999999,1.4142135623731
save,1,1.0,1.0
phdy,2,1.0,1.4142135623731
phdres,2,0.999999999999999,1.41421356237309
ire,2,1.0,1.41421356237309
meanOPG,3,0.999999999999998,1.73205080756888
meanMAVE,2,0.999999999999999,1.4142135623731
csMAVE,2,0.999999999999999,1.41421356237309
csOPG,2,0.999999999999999,1.4142135623731
KSIR,2,1.0,1.4142135623731
SDRNNW,4,0.4860717402132236,0.8457577944545639
sir,2,0.999999999999998,1.4142135623731
save,1,1.0,1.0
phdy,1,1.0,1.0
phdres,2,0.999999999999999,1.41421356237309
ire,3,0.999999999999998,1.73205080756888
meanOPG,2,0.999999999999999,1.4142135623731
meanMAVE,2,0.999999999999999,1.41421356237309
csMAVE,2,1.0,1.4142135623731
csOPG,2,0.999999999999999,1.41421356237309
KSIR,3,1.0,1.73205080756888
SDRNNW,4,0.07862470514565423,0.1224618071041114
sir,2,0.999999999999998,1.41421356237309
save,1,1.0,1.0
phdy,1,1.0,1.0
phdres,2,0.999999999999999,1.41421356237309
ire,3,0.999999999999998,1.73205080756888
meanOPG,3,0.999999999999998,1.73205080756888
meanMAVE,3,0.999999999999998,1.73205080756888
csMAVE,2,0.999999999999999,1.4142135623731
csOPG,2,0.999999999999999,1.4142135623731
KSIR,2,1.0,1.4142135623731
SDRNNW,4,0.3192313935609163,0.4964076476400008
sir,2,1.0,1.4142135623731
save,1,1.0,1.0
phdy,2,1.0,1.4142135623731
phdres,2,0.999999999999999,1.41421356237309
ire,2,1.0,1.4142135623731
meanOPG,2,0.999999999999999,1.4142135623731
meanMAVE,2,1.0,1.4142135623731
csMAVE,2,0.999999999999999,1.4142135623731
csOPG,2,1.0,1.4142135623731
KSIR,2,1.0,1.4142135623731
SDRNNW,4,0.2357088034816156,0.3809030571848924
sir,2,0.999999999999999,1.4142135623731
save,2,1.0,1.41421356237309
phdy,1,1.0,1.0
phdres,1,1.0,1.0
ire,3,1.0,1.73205080756888
meanOPG,2,0.999999999999998,1.4142135623731
meanMAVE,2,0.999999999999999,1.4142135623731
csMAVE,2,0.999999999999999,1.4142135623731
csOPG,2,0.999999999999999,1.41421356237309
KSIR,2,0.999999999999999,1.4142135623731
SDRNNW,8,1.000000040501015,2.049059948659473
sir,2,0.999999999999999,1.4142135623731
save,1,1.0,1.0
phdy,3,0.999999999999999,1.73205080756888
phdres,3,0.999999999999998,1.73205080756888
ire,2,1.0,1.4142135623731
meanOPG,2,1.0,1.4142135623731
meanMAVE,2,0.999999999999999,1.4142135623731
csMAVE,2,0.999999999999999,1.4142135623731
csOPG,2,0.999999999999999,1.4142135623731
KSIR,2,0.999999999999999,1.4142135623731
SDRNNW,4,0.1524787060957275,0.2441685620409469
sir,2,0.999999999999998,1.4142135623731
save,1,1.0,1.0
phdy,1,1.0,1.0
phdres,1,1.0,1.0
ire,3,0.999999999999998,1.73205080756888
meanOPG,2,0.999999999999999,1.4142135623731
meanMAVE,2,0.999999999999999,1.4142135623731
csMAVE,2,0.999999999999999,1.4142135623731
csOPG,2,0.999999999999999,1.41421356237309
KSIR,2,1.0,1.4142135623731
SDRNNW,4,0.1788816164231659,0.2984793577440944
sir,2,0.999999999999998,1.41421356237309
save,1,1.0,1.0
phdy,1,1.0,1.0
phdres,1,1.0,1.0
ire,3,1.0,1.73205080756888
meanOPG,2,0.999999999999999,1.41421356237309
meanMAVE,2,0.999999999999998,1.41421356237309
csMAVE,2,0.999999999999999,1.4142135623731
csOPG,2,0.999999999999999,1.4142135623731
KSIR,2,1.0,1.4142135623731
SDRNNW,3,1.000000119710891,1.111165035026532
sir,2,0.999999999999999,1.4142135623731
save,1,1.0,1.0
phdy,1,1.0,1.0
phdres,1,1.0,1.0
ire,3,0.999999999999999,1.73205080756888
meanOPG,2,0.999999999999999,1.4142135623731
meanMAVE,2,0.999999999999999,1.4142135623731
csMAVE,2,0.999999999999999,1.41421356237309
csOPG,2,0.999999999999999,1.41421356237309
KSIR,2,1.0,1.4142135623731
SDRNNW,4,0.2484707482791729,0.3822802015049818
sir,2,0.999999999999999,1.4142135623731
save,1,1.0,1.0
phdy,2,1.0,1.4142135623731
phdres,2,1.0,1.41421356237309
ire,3,1.0,1.73205080756888
meanOPG,2,0.999999999999999,1.4142135623731
meanMAVE,2,0.999999999999999,1.41421356237309
csMAVE,2,0.999999999999999,1.4142135623731
csOPG,2,1.0,1.41421356237309
KSIR,2,1.0,1.4142135623731
SDRNNW,5,1.000000003591537,1.391749891369903
sir,2,1.0,1.41421356237309
save,1,1.0,1.0
phdy,1,1.0,1.0
phdres,1,1.0,1.0
ire,2,1.0,1.41421356237309
meanOPG,2,0.999999999999999,1.4142135623731
meanMAVE,2,1.0,1.4142135623731
csMAVE,2,0.999999999999999,1.4142135623731
csOPG,2,0.999999999999998,1.4142135623731
KSIR,2,1.0,1.4142135623731
SDRNNW,4,0.1456772129711777,0.2297062034552942
sir,2,0.999999999999998,1.4142135623731
save,1,1.0,1.0
phdy,1,1.0,1.0
phdres,1,1.0,1.0
ire,2,0.999999999999999,1.4142135623731
meanOPG,2,0.999999999999999,1.4142135623731
meanMAVE,2,0.999999999999999,1.4142135623731
csMAVE,2,0.999999999999999,1.4142135623731
csOPG,2,0.999999999999998,1.4142135623731
KSIR,2,0.999999999999998,1.41421356237309
SDRNNW,4,0.5240592442549188,0.750715175952582
sir,2,0.999999999999998,1.41421356237309
save,1,1.0,1.0
phdy,2,1.0,1.4142135623731
phdres,2,1.0,1.4142135623731
ire,3,1.0,1.73205080756888
meanOPG,2,0.999999999999999,1.4142135623731
meanMAVE,2,0.999999999999999,1.4142135623731
csMAVE,2,0.999999999999999,1.41421356237309
csOPG,2,0.999999999999999,1.41421356237309
KSIR,2,1.0,1.41421356237309
SDRNNW,4,0.2423082964884556,0.3814186559921753
sir,2,0.999999999999999,1.4142135623731
save,2,1.0,1.4142135623731
phdy,3,1.0,1.73205080756888
phdres,3,1.0,1.73205080756888
ire,2,0.999999999999998,1.4142135623731
meanOPG,2,0.999999999999999,1.4142135623731
meanMAVE,2,0.999999999999999,1.4142135623731
csMAVE,2,0.999999999999999,1.4142135623731
csOPG,2,0.999999999999999,1.4142135623731
KSIR,3,1.0,1.73205080756888
SDRNNW,4,0.2747644199584967,0.4271945986772325
sir,3,1.0,1.73205080756888
save,1,1.0,1.0
phdy,3,1.0,1.73205080756888
phdres,3,0.999999999999999,1.73205080756888
ire,4,0.856413418710607,2.0
meanOPG,2,0.999999999999999,1.41421356237309
meanMAVE,2,0.999999999999999,1.4142135623731
csMAVE,2,0.999999999999999,1.41421356237309
csOPG,2,0.999999999999999,1.41421356237309
KSIR,2,1.0,1.41421356237309
SDRNNW,4,0.2696725558763892,0.4352423959985534
sir,2,0.999999999999999,1.4142135623731
save,1,1.0,1.0
phdy,1,1.0,1.0
phdres,2,1.0,1.4142135623731
ire,2,0.999999999999999,1.41421356237309
meanOPG,2,0.999999999999999,1.4142135623731
meanMAVE,2,1.0,1.41421356237309
csMAVE,2,0.999999999999999,1.41421356237309
csOPG,2,0.999999999999999,1.4142135623731
KSIR,2,1.0,1.4142135623731
SDRNNW,4,0.3513370547077247,0.6290176921248244
sir,3,1.0,1.73205080756888
save,1,1.0,1.0
phdy,1,1.0,1.0
phdres,1,1.0,1.0
ire,3,0.999999999999999,1.73205080756888
meanOPG,2,0.999999999999999,1.41421356237309
meanMAVE,2,0.999999999999998,1.4142135623731
csMAVE,2,0.999999999999999,1.4142135623731
csOPG,2,0.999999999999999,1.4142135623731
KSIR,2,0.999999999999999,1.4142135623731
SDRNNW,4,0.9202909889079934,1.341442759108891
sir,2,1.0,1.4142135623731
save,1,1.0,1.0
phdy,2,1.0,1.41421356237309
phdres,3,1.0,1.73205080756888
ire,3,1.0,1.73205080756888
meanOPG,2,0.999999999999999,1.4142135623731
meanMAVE,2,0.999999999999999,1.41421356237309
csMAVE,2,0.999999999999999,1.41421356237309
csOPG,2,0.999999999999999,1.4142135623731
KSIR,1,1.0,1.0
SDRNNW,3,1.000000074184513,1.141993465281058
sir,2,0.999999999999999,1.4142135623731
save,1,1.0,1.0
phdy,1,1.0,1.0
phdres,2,1.0,1.41421356237309
ire,2,0.999999999999999,1.41421356237309
meanOPG,2,1.0,1.4142135623731
meanMAVE,2,0.999999999999999,1.4142135623731
csMAVE,2,0.999999999999999,1.4142135623731
csOPG,2,0.999999999999999,1.4142135623731
KSIR,2,0.999999999999999,1.4142135623731
SDRNNW,5,1.000000018201387,1.100178337145397
sir,2,0.999999999999998,1.41421356237309
save,1,1.0,1.0
phdy,1,1.0,1.0
phdres,2,0.999999999999999,1.4142135623731
ire,3,1.0,1.73205080756888
meanOPG,2,1.0,1.4142135623731
meanMAVE,2,0.999999999999999,1.4142135623731
csMAVE,2,0.999999999999999,1.4142135623731
csOPG,2,0.999999999999999,1.4142135623731
KSIR,2,0.999999999999998,1.4142135623731
SDRNNW,4,0.2616076511861496,0.4656711017585113
sir,2,1.0,1.4142135623731
save,1,1.0,1.0
phdy,1,1.0,1.0
phdres,1,1.0,1.0
ire,2,1.0,1.4142135623731
meanOPG,3,0.999999999999998,1.73205080756888
meanMAVE,3,0.999999999999998,1.73205080756888
csMAVE,2,0.999999999999999,1.4142135623731
csOPG,2,0.999999999999999,1.4142135623731
KSIR,2,1.0,1.41421356237309
SDRNNW,5,1.000000033332754,1.079051937984542
sir,2,0.999999999999998,1.4142135623731
save,1,1.0,1.0
phdy,1,1.0,1.0
phdres,2,1.0,1.4142135623731
ire,2,0.999999999999999,1.41421356237309
meanOPG,2,0.999999999999999,1.41421356237309
meanMAVE,2,0.999999999999999,1.41421356237309
csMAVE,2,0.999999999999999,1.4142135623731
csOPG,2,0.999999999999998,1.41421356237309
KSIR,2,0.999999999999999,1.41421356237309
SDRNNW,4,0.250944371379126,0.3784637076381924
sir,3,0.999999999999998,1.73205080756888
save,1,1.0,1.0
phdy,1,1.0,1.0
phdres,1,1.0,1.0
ire,3,1.0,1.73205080756888
meanOPG,2,0.999999999999999,1.4142135623731
meanMAVE,2,0.999999999999999,1.4142135623731
csMAVE,2,0.999999999999998,1.4142135623731
csOPG,2,0.999999999999999,1.41421356237309
KSIR,3,0.999999999999997,1.73205080756888
SDRNNW,5,0.9999999934080678,1.316018471039417
sir,2,1.0,1.4142135623731
save,1,1.0,1.0
phdy,1,1.0,1.0
phdres,1,1.0,1.0
ire,3,1.0,1.73205080756888
meanOPG,2,0.999999999999999,1.41421356237309
meanMAVE,2,0.999999999999999,1.4142135623731
csMAVE,2,0.999999999999999,1.4142135623731
csOPG,2,0.999999999999999,1.4142135623731
KSIR,2,1.0,1.41421356237309
SDRNNW,4,0.4560134484843429,0.6774407589934474
sir,2,0.999999999999999,1.41421356237309
save,1,1.0,1.0
phdy,1,1.0,1.0
phdres,1,1.0,1.0
ire,2,0.999999999999999,1.4142135623731
meanOPG,2,0.999999999999999,1.4142135623731
meanMAVE,2,0.999999999999999,1.41421356237309
csMAVE,2,0.999999999999999,1.41421356237309
csOPG,2,0.999999999999999,1.4142135623731
KSIR,2,0.999999999999999,1.41421356237309
SDRNNW,5,0.999999998466205,1.281609673232989
sir,2,0.999999999999999,1.4142135623731
save,1,1.0,1.0
phdy,2,1.0,1.4142135623731
phdres,1,1.0,1.0
ire,2,0.999999999999998,1.4142135623731
meanOPG,2,0.999999999999999,1.41421356237309
meanMAVE,2,0.999999999999999,1.4142135623731
csMAVE,2,1.0,1.41421356237309
csOPG,2,1.0,1.41421356237309
KSIR,2,0.999999999999998,1.4142135623731
SDRNNW,4,0.4442572576781159,0.6616589782272659
sir,2,0.999999999999999,1.4142135623731
save,1,1.0,1.0
phdy,1,1.0,1.0
phdres,2,1.0,1.4142135623731
ire,2,1.0,1.4142135623731
meanOPG,2,1.0,1.41421356237309
meanMAVE,2,0.999999999999999,1.41421356237309
csMAVE,2,0.999999999999998,1.4142135623731
csOPG,2,0.999999999999998,1.4142135623731
KSIR,2,1.0,1.41421356237309
SDRNNW,5,0.9999999906010631,1.109267437289596
sir,2,1.0,1.4142135623731
save,1,1.0,1.0
phdy,1,1.0,1.0
phdres,2,1.0,1.4142135623731
ire,3,1.0,1.73205080756888
meanOPG,2,0.999999999999999,1.41421356237309
meanMAVE,2,0.999999999999999,1.4142135623731
csMAVE,2,0.999999999999999,1.41421356237309
csOPG,2,0.999999999999999,1.4142135623731
KSIR,2,1.0,1.4142135623731
SDRNNW,6,1.000000015362669,1.438367537661141
sir,2,0.999999999999999,1.4142135623731
save,1,1.0,1.0
phdy,1,1.0,1.0
phdres,1,1.0,1.0
ire,2,1.0,1.4142135623731
meanOPG,3,0.999999999999999,1.73205080756888
meanMAVE,2,0.999999999999999,1.4142135623731
csMAVE,2,0.999999999999999,1.4142135623731
csOPG,2,1.0,1.41421356237309
KSIR,2,1.0,1.4142135623731
SDRNNW,2,1.000000127929494,1.4190982894907
sir,2,0.999999999999999,1.41421356237309
save,1,1.0,1.0
phdy,2,0.999999999999999,1.4142135623731
phdres,2,0.999999999999999,1.41421356237309
ire,2,0.999999999999999,1.41421356237309
meanOPG,2,0.999999999999999,1.4142135623731
meanMAVE,2,0.999999999999999,1.4142135623731
csMAVE,2,0.999999999999999,1.41421356237309
csOPG,2,0.999999999999999,1.4142135623731
KSIR,1,1.0,1.0
SDRNNW,4,0.3570702733443617,0.5389223032499654
sir,3,1.0,1.73205080756888
save,1,1.0,1.0
phdy,1,1.0,1.0
phdres,2,0.999999999999999,1.41421356237309
ire,3,1.0,1.73205080756888
meanOPG,2,0.999999999999999,1.4142135623731
meanMAVE,2,0.999999999999998,1.41421356237309
csMAVE,2,0.999999999999999,1.41421356237309
csOPG,2,0.999999999999999,1.4142135623731
KSIR,3,0.999999999999997,1.73205080756888
SDRNNW,4,0.8753202372624009,1.255250859289736
sir,2,0.999999999999999,1.4142135623731
save,1,1.0,1.0
phdy,1,1.0,1.0
phdres,1,1.0,1.0
ire,2,0.999999999999999,1.4142135623731
meanOPG,2,0.999999999999998,1.4142135623731
meanMAVE,2,0.999999999999999,1.41421356237309
csMAVE,2,0.999999999999999,1.41421356237309
csOPG,2,0.999999999999999,1.41421356237309
KSIR,2,0.999999999999999,1.4142135623731
SDRNNW,5,1.0000000101995,1.163580424912842
sir,2,0.999999999999999,1.4142135623731
save,1,1.0,1.0
phdy,2,1.0,1.4142135623731
phdres,2,1.0,1.4142135623731
ire,3,1.0,1.73205080756888
meanOPG,2,0.999999999999999,1.4142135623731
meanMAVE,2,0.999999999999999,1.4142135623731
csMAVE,2,0.999999999999999,1.4142135623731
csOPG,2,0.999999999999999,1.41421356237309
KSIR,2,0.999999999999998,1.4142135623731
SDRNNW,4,0.4287884708739007,0.6270168276247946
sir,2,0.999999999999998,1.4142135623731
save,1,1.0,1.0
phdy,2,1.0,1.4142135623731
phdres,2,0.999999999999999,1.4142135623731
ire,2,0.999999999999998,1.4142135623731
meanOPG,2,0.999999999999999,1.41421356237309
meanMAVE,2,0.999999999999999,1.4142135623731
csMAVE,2,0.999999999999999,1.4142135623731
csOPG,2,0.999999999999999,1.41421356237309
KSIR,2,0.999999999999999,1.4142135623731
SDRNNW,4,0.4584968629737903,0.6550459560741013
sir,3,1.0,1.73205080756888
save,1,1.0,1.0
phdy,1,1.0,1.0
phdres,1,1.0,1.0
ire,3,1.0,1.73205080756888
meanOPG,2,0.999999999999999,1.4142135623731
meanMAVE,2,0.999999999999999,1.4142135623731
csMAVE,2,0.999999999999998,1.4142135623731
csOPG,2,0.999999999999999,1.4142135623731
KSIR,2,0.999999999999999,1.41421356237309
SDRNNW,5,1.000000017847686,1.063067459238208
sir,2,0.999999999999999,1.4142135623731
save,1,1.0,1.0
phdy,1,1.0,1.0
phdres,2,0.999999999999999,1.4142135623731
ire,3,1.0,1.73205080756888
meanOPG,2,0.999999999999998,1.4142135623731
meanMAVE,2,1.0,1.4142135623731
csMAVE,2,0.999999999999998,1.41421356237309
csOPG,2,0.999999999999999,1.41421356237309
KSIR,2,0.999999999999999,1.4142135623731
SDRNNW,4,0.241954318457043,0.3653712969481316
sir,2,0.999999999999999,1.4142135623731
save,1,1.0,1.0
phdy,1,1.0,1.0
phdres,2,1.0,1.41421356237309
ire,3,1.0,1.73205080756888
meanOPG,2,1.0,1.4142135623731
meanMAVE,2,0.999999999999999,1.41421356237309
csMAVE,2,0.999999999999999,1.4142135623731
csOPG,2,0.999999999999999,1.41421356237309
KSIR,2,0.999999999999998,1.41421356237309
SDRNNW,5,1.000000009280938,1.206908505348222
sir,3,0.999999999999999,1.73205080756888
save,1,1.0,1.0
phdy,1,1.0,1.0
phdres,2,1.0,1.4142135623731
ire,3,0.999999999999998,1.73205080756888
meanOPG,2,0.999999999999999,1.41421356237309
meanMAVE,2,0.999999999999999,1.4142135623731
csMAVE,2,0.999999999999998,1.41421356237309
csOPG,2,0.999999999999999,1.4142135623731
KSIR,2,1.0,1.4142135623731
SDRNNW,5,0.9999999802534744,1.034278070958111
sir,3,0.999999999999998,1.73205080756888
save,1,1.0,1.0
phdy,1,1.0,1.0
phdres,2,0.999999999999999,1.41421356237309
ire,3,0.999999999999999,1.73205080756888
meanOPG,2,0.999999999999999,1.41421356237309
meanMAVE,2,0.999999999999999,1.41421356237309
csMAVE,2,0.999999999999998,1.4142135623731
csOPG,2,0.999999999999998,1.41421356237309
KSIR,2,0.999999999999999,1.4142135623731
SDRNNW,4,0.07462260270223216,0.1450079471056178
sir,2,0.999999999999999,1.4142135623731
save,1,1.0,1.0
phdy,2,1.0,1.41421356237309
phdres,2,1.0,1.4142135623731
ire,2,0.999999999999999,1.4142135623731
meanOPG,2,0.999999999999999,1.4142135623731
meanMAVE,2,0.999999999999999,1.4142135623731
csMAVE,2,0.999999999999999,1.41421356237309
csOPG,2,0.999999999999999,1.4142135623731
KSIR,2,0.999999999999999,1.4142135623731
SDRNNW,4,0.2784119793629883,0.4081048083316779
sir,2,0.999999999999999,1.4142135623731
save,1,1.0,1.0
phdy,2,1.0,1.4142135623731
phdres,2,1.0,1.4142135623731
ire,2,1.0,1.4142135623731
meanOPG,2,0.999999999999999,1.41421356237309
meanMAVE,2,0.999999999999999,1.4142135623731
csMAVE,2,0.999999999999999,1.4142135623731
csOPG,2,0.999999999999999,1.41421356237309
KSIR,2,1.0,1.41421356237309
SDRNNW,3,1.000000130437043,1.216275917158969
sir,2,1.0,1.4142135623731
save,2,1.0,1.4142135623731
phdy,1,1.0,1.0
phdres,1,1.0,1.0
ire,2,1.0,1.41421356237309
meanOPG,2,1.0,1.41421356237309
meanMAVE,2,0.999999999999999,1.4142135623731
csMAVE,2,0.999999999999999,1.4142135623731
csOPG,2,0.999999999999999,1.41421356237309
KSIR,2,0.999999999999999,1.4142135623731
SDRNNW,4,0.4094928609192402,0.6250943312259574
sir,2,0.999999999999999,1.4142135623731
save,1,1.0,1.0
phdy,1,1.0,1.0
phdres,1,1.0,1.0
ire,2,0.999999999999998,1.41421356237309
meanOPG,2,0.999999999999999,1.4142135623731
meanMAVE,2,0.999999999999999,1.4142135623731
csMAVE,2,0.999999999999999,1.41421356237309
csOPG,2,0.999999999999999,1.41421356237309
KSIR,2,1.0,1.41421356237309
SDRNNW,5,0.9999999619937786,1.025247423305206
